"","SPECIES_ITIS","STOCK_ABBREV","SEX_TYPE","SURVEY","PURPOSE_CODE","SEASON","YEAR","AGE","SAMP_SIZE","MEAN","MEDIAN","STD_DEV","STD_ERROR","P25","P75","MIN","MAX","STRATA_SAMPLING_COMPLETE"
"1",172414,"UNIT","NONE","NMFS fall BTS",10,"FALL",1979,6,3,37,37,1,0.5773502692,36,38,36,38,"N"
"2",172414,"UNIT","NONE","NMFS fall BTS",10,"FALL",1979,13,2,40.5,40.5,2.1213203436,1.5,39,42,39,42,"N"
"3",172414,"UNIT","NONE","NMFS fall BTS",10,"FALL",1979,8,2,37.5,37.5,0.7071067812,0.5,37,38,37,38,"N"
"4",172414,"UNIT","NONE","NMFS fall BTS",10,"FALL",1979,11,2,39,39,0,0,39,39,39,39,"N"
"5",172414,"UNIT","NONE","NMFS fall BTS",10,"FALL",1979,10,3,39.333333333,39,0.5773502692,0.3333333333,39,40,39,40,"N"
"6",172414,"UNIT","NONE","NMFS fall BTS",10,"FALL",1979,3,4,35.25,35.5,0.9574271078,0.4787135539,34.5,36,34,36,"N"
"7",172414,"UNIT","NONE","NMFS fall BTS",10,"FALL",1979,7,1,38,38,NA,NA,38,38,38,38,"N"
"8",172414,"UNIT","NONE","NMFS fall BTS",10,"FALL",1979,1,38,29.710526316,30,0.9838670185,0.1596043059,29,30,27,33,"N"
"9",172414,"UNIT","NONE","NMFS fall BTS",10,"FALL",1979,14,1,41,41,NA,NA,41,41,41,41,"N"
"10",172414,"UNIT","NONE","NMFS fall BTS",10,"FALL",1979,12,1,38,38,NA,NA,38,38,38,38,"N"
"11",172414,"UNIT","NONE","NMFS fall BTS",10,"FALL",1979,5,9,37.333333333,37,1.5811388301,0.5270462767,36,38,35,40,"N"
"12",172414,"UNIT","NONE","NMFS fall BTS",10,"FALL",1979,9,3,39.333333333,40,1.1547005384,0.6666666667,38,40,38,40,"N"
"13",172414,"UNIT","NONE","NMFS fall BTS",10,"FALL",1979,2,5,34,35,2.5495097568,1.1401754251,33,36,30,36,"N"
"14",172414,"UNIT","NONE","NMFS fall BTS",10,"FALL",1980,7,2,38,38,0,0,38,38,38,38,"N"
"15",172414,"UNIT","NONE","NMFS fall BTS",10,"FALL",1980,2,18,34.111111111,35,1.5676467523,0.369497883,34,35,31,36,"N"
"16",172414,"UNIT","NONE","NMFS fall BTS",10,"FALL",1980,6,2,37,37,0,0,37,37,37,37,"N"
"17",172414,"UNIT","NONE","NMFS fall BTS",10,"FALL",1980,12,2,40,40,0,0,40,40,40,40,"N"
"18",172414,"UNIT","NONE","NMFS fall BTS",10,"FALL",1980,1,14,31.428571429,31,0.755928946,0.2020305089,31,32,31,33,"N"
"19",172414,"UNIT","NONE","NMFS fall BTS",10,"FALL",1982,0,70,19.1,21,4.5846309099,0.5479682027,13,22,10,24,"N"
"20",172414,"UNIT","NONE","NMFS fall BTS",10,"FALL",1982,5,1,35,35,NA,NA,35,35,35,35,"N"
"21",172414,"UNIT","NONE","NMFS fall BTS",10,"FALL",1982,10,1,40,40,NA,NA,40,40,40,40,"N"
"22",172414,"UNIT","NONE","NMFS fall BTS",10,"FALL",1982,6,1,40,40,NA,NA,40,40,40,40,"N"
"23",172414,"UNIT","NONE","NMFS fall BTS",10,"FALL",1982,14,1,40,40,NA,NA,40,40,40,40,"N"
"24",172414,"UNIT","NONE","NMFS fall BTS",10,"FALL",1982,4,3,38.666666667,39,1.5275252317,0.8819171037,37,40,37,40,"N"
"25",172414,"UNIT","NONE","NMFS fall BTS",10,"FALL",1982,12,1,40,40,NA,NA,40,40,40,40,"N"
"26",172414,"UNIT","NONE","NMFS fall BTS",10,"FALL",1982,11,1,42,42,NA,NA,42,42,42,42,"N"
"27",172414,"UNIT","NONE","NMFS fall BTS",10,"FALL",1982,1,87,24,27,6.9533328131,0.7454755268,25,28,10,32,"N"
"28",172414,"UNIT","NONE","NMFS fall BTS",10,"FALL",1982,15,2,40,40,0,0,40,40,40,40,"N"
"29",172414,"UNIT","NONE","NMFS fall BTS",10,"FALL",1982,16,1,39,39,NA,NA,39,39,39,39,"N"
"30",172414,"UNIT","NONE","NMFS fall BTS",10,"FALL",1982,13,4,41,41,0,0,41,41,41,41,"N"
"31",172414,"UNIT","NONE","NMFS fall BTS",10,"FALL",1982,2,24,24,30.5,11.27135654,2.3007560194,11.5,34,9,36,"N"
"32",172414,"UNIT","NONE","NMFS fall BTS",10,"FALL",1982,8,4,40,40,0,0,40,40,40,40,"N"
"33",172414,"UNIT","NONE","NMFS fall BTS",10,"FALL",1984,0,36,19.777777778,20,1.1491888098,0.1915314683,20,20,14,22,"N"
"34",172414,"UNIT","NONE","NMFS fall BTS",10,"FALL",1984,2,22,29.590909091,30,0.9591211706,0.2044853206,29,30,27,31,"N"
"35",172414,"UNIT","NONE","NMFS fall BTS",10,"FALL",1984,1,3,30.666666667,31,1.5275252317,0.8819171037,29,32,29,32,"N"
"36",172414,"UNIT","NONE","NMFS fall BTS",10,"FALL",1985,1,17,27.058823529,27,1.2485285457,0.3028126512,26,28,25,30,"N"
"37",172414,"UNIT","NONE","NMFS fall BTS",10,"FALL",1985,11,1,40,40,NA,NA,40,40,40,40,"N"
"38",172414,"UNIT","NONE","NMFS fall BTS",10,"FALL",1985,2,5,31,31,1,0.4472135955,30,32,30,32,"N"
"39",172414,"UNIT","NONE","NMFS fall BTS",10,"FALL",1985,16,1,43,43,NA,NA,43,43,43,43,"N"
"40",172414,"UNIT","NONE","NMFS fall BTS",10,"FALL",1985,7,1,39,39,NA,NA,39,39,39,39,"N"
"41",172414,"UNIT","NONE","NMFS fall BTS",10,"FALL",1985,3,18,32.222222222,32,1.8647048514,0.4395151485,31,33,29,37,"N"
"42",172414,"UNIT","NONE","NMFS fall BTS",10,"FALL",1986,0,7,19.571428571,20,0.5345224838,0.2020305089,19,20,19,20,"N"
"43",172414,"UNIT","NONE","NMFS fall BTS",10,"FALL",1986,2,2,31.5,31.5,3.5355339059,2.5,29,34,29,34,"N"
"44",172414,"UNIT","NONE","NMFS fall BTS",10,"FALL",1986,8,1,42,42,NA,NA,42,42,42,42,"N"
"45",172414,"UNIT","NONE","NMFS fall BTS",10,"FALL",1986,12,1,40,40,NA,NA,40,40,40,40,"N"
"46",172414,"UNIT","NONE","NMFS fall BTS",10,"FALL",1986,6,1,39,39,NA,NA,39,39,39,39,"N"
"47",172414,"UNIT","NONE","NMFS fall BTS",10,"FALL",1986,4,6,33.833333333,34,0.7527726527,0.3073181486,33,34,33,35,"N"
"48",172414,"UNIT","NONE","NMFS fall BTS",10,"FALL",1987,1,5,26,26,1.2247448714,0.5477225575,26,27,24,27,"Y"
"49",172414,"UNIT","NONE","NMFS fall BTS",10,"FALL",1987,2,1,31,31,NA,NA,31,31,31,31,"Y"
"50",172414,"UNIT","NONE","NMFS fall BTS",10,"FALL",1987,0,17,17.235294118,17,1.2514697242,0.3035259918,17,18,15,19,"Y"
"51",172414,"UNIT","NONE","NMFS fall BTS",10,"FALL",1988,7,1,39,39,NA,NA,39,39,39,39,"Y"
"52",172414,"UNIT","NONE","NMFS fall BTS",10,"FALL",1988,6,6,37.666666667,38,1.5055453054,0.6146362972,37,39,35,39,"Y"
"53",172414,"UNIT","NONE","NMFS fall BTS",10,"FALL",1988,0,8,19.875,20,1.4577379737,0.5153882032,19.5,20.5,17,22,"Y"
"54",172414,"UNIT","NONE","NMFS fall BTS",10,"FALL",1988,4,1,35,35,NA,NA,35,35,35,35,"Y"
"55",172414,"UNIT","NONE","NMFS fall BTS",10,"FALL",1988,2,9,29.333333333,30,0.8660254038,0.2886751346,29,30,28,30,"Y"
"56",172414,"UNIT","NONE","NMFS fall BTS",10,"FALL",1989,7,6,37.5,37.5,1.0488088482,0.4281744193,37,38,36,39,"Y"
"57",172414,"UNIT","NONE","NMFS fall BTS",10,"FALL",1989,2,2,32,32,0,0,32,32,32,32,"Y"
"58",172414,"UNIT","NONE","NMFS fall BTS",10,"FALL",1989,4,1,35,35,NA,NA,35,35,35,35,"Y"
"59",172414,"UNIT","NONE","NMFS fall BTS",10,"FALL",1989,0,11,19.818181818,19,1.6011359604,0.4827606563,19,21,18,23,"Y"
"60",172414,"UNIT","NONE","NMFS fall BTS",10,"FALL",1989,1,1,27,27,NA,NA,27,27,27,27,"Y"
"61",172414,"UNIT","NONE","NMFS fall BTS",10,"FALL",1990,1,11,28.181818182,28,0.6030226892,0.1818181818,28,29,27,29,"Y"
"62",172414,"UNIT","NONE","NMFS fall BTS",10,"FALL",1990,2,2,30.5,30.5,0.7071067812,0.5,30,31,30,31,"Y"
"63",172414,"UNIT","NONE","NMFS fall BTS",10,"FALL",1990,0,11,16.818181818,16,2.6006992067,0.7841403146,15,19,14,22,"Y"
"64",172414,"UNIT","NONE","NMFS fall BTS",10,"FALL",1991,2,4,30,30,0.8164965809,0.4082482905,29.5,30.5,29,31,"Y"
"65",172414,"UNIT","NONE","NMFS fall BTS",10,"FALL",1991,0,59,19.898305085,20,1.0779116984,0.1403321501,19,21,16,21,"Y"
"66",172414,"UNIT","NONE","NMFS fall BTS",10,"FALL",1991,1,13,25.384615385,26,1.7097008285,0.4741856925,25,26,22,27,"Y"
"67",172414,"UNIT","NONE","NMFS fall BTS",10,"FALL",1991,3,3,32,32,1,0.5773502692,31,33,31,33,"Y"
"68",172414,"UNIT","NONE","NMFS fall BTS",10,"FALL",1992,4,1,35,35,NA,NA,35,35,35,35,"Y"
"69",172414,"UNIT","NONE","NMFS fall BTS",10,"FALL",1992,1,44,25.363636364,26,1.4799577161,0.2231120204,25,26,21,27,"Y"
"70",172414,"UNIT","NONE","NMFS fall BTS",10,"FALL",1992,3,1,32,32,NA,NA,32,32,32,32,"Y"
"71",172414,"UNIT","NONE","NMFS fall BTS",10,"FALL",1992,6,1,39,39,NA,NA,39,39,39,39,"Y"
"72",172414,"UNIT","NONE","NMFS fall BTS",10,"FALL",1992,0,8,20.125,20,0.6408699445,0.2265817418,20,20.5,19,21,"Y"
"73",172414,"UNIT","NONE","NMFS fall BTS",10,"FALL",1992,2,3,28.666666667,29,0.5773502692,0.3333333333,28,29,28,29,"Y"
"74",172414,"UNIT","NONE","NMFS fall BTS",10,"FALL",1993,4,1,34,34,NA,NA,34,34,34,34,"Y"
"75",172414,"UNIT","NONE","NMFS fall BTS",10,"FALL",1993,1,14,27.142857143,27,1.2314558524,0.3291204205,26,28,25,29,"Y"
"76",172414,"UNIT","NONE","NMFS fall BTS",10,"FALL",1993,2,12,29.25,29,0.9653072992,0.2786602145,28.5,30,28,31,"Y"
"77",172414,"UNIT","NONE","NMFS fall BTS",10,"FALL",1993,0,33,20.515151515,20,1.3720698807,0.2388467086,20,21,18,23,"Y"
"78",172414,"UNIT","NONE","NMFS fall BTS",10,"FALL",1994,0,7,19.571428571,20,1.133893419,0.4285714286,18,20,18,21,"Y"
"79",172414,"UNIT","NONE","NMFS fall BTS",10,"FALL",1994,1,43,26.720930233,27,1.0077221224,0.153676183,26,27,25,29,"Y"
"80",172414,"UNIT","NONE","NMFS fall BTS",10,"FALL",1996,3,1,31,31,NA,NA,31,31,31,31,"Y"
"81",172414,"UNIT","NONE","NMFS fall BTS",10,"FALL",1996,1,16,27.5625,28,1.3647344064,0.3411836016,26.5,28.5,25,30,"Y"
"82",172414,"UNIT","NONE","NMFS fall BTS",10,"FALL",1996,2,4,31.5,31.5,0.5773502692,0.2886751346,31,32,31,32,"Y"
"83",172414,"UNIT","NONE","NMFS fall BTS",10,"FALL",1996,0,33,19.909090909,20,1.7022712101,0.2963273821,19,21,15,23,"Y"
"84",172414,"UNIT","NONE","NMFS fall BTS",10,"FALL",1997,2,3,31.333333333,32,2.0816659995,1.2018504252,29,33,29,33,"Y"
"85",172414,"UNIT","NONE","NMFS fall BTS",10,"FALL",1997,0,12,16.666666667,15,3.7979260688,1.0963668191,13.5,20.5,12,22,"Y"
"86",172414,"UNIT","NONE","NMFS fall BTS",10,"FALL",1997,1,36,26.638888889,27,0.9900296613,0.1650049435,26,27,24,28,"Y"
"87",172414,"UNIT","NONE","NMFS fall BTS",10,"FALL",1998,1,55,25.163636364,25,1.3160495933,0.177456091,24,26,23,29,"Y"
"88",172414,"UNIT","NONE","NMFS fall BTS",10,"FALL",1998,4,1,36,36,NA,NA,36,36,36,36,"Y"
"89",172414,"UNIT","NONE","NMFS fall BTS",10,"FALL",1998,2,15,30,30,1.6903085095,0.4364357805,29,31,27,33,"Y"
"90",172414,"UNIT","NONE","NMFS fall BTS",10,"FALL",1998,3,4,33.75,33.5,0.9574271078,0.4787135539,33,34.5,33,35,"Y"
"91",172414,"UNIT","NONE","NMFS fall BTS",10,"FALL",1998,5,2,37.5,37.5,0.7071067812,0.5,37,38,37,38,"Y"
"92",172414,"UNIT","NONE","NMFS fall BTS",10,"FALL",1998,0,54,20.111111111,20,1.1271380801,0.1533840648,19,21,18,23,"Y"
"93",172414,"UNIT","NONE","NMFS fall BTS",10,"FALL",2000,3,2,34.5,34.5,2.1213203436,1.5,33,36,33,36,"Y"
"94",172414,"UNIT","NONE","NMFS fall BTS",10,"FALL",2000,1,31,27.064516129,27,1.7308087487,0.3108624281,26,28,23,31,"Y"
"95",172414,"UNIT","NONE","NMFS fall BTS",10,"FALL",2000,0,15,19.333333333,19,2.768874621,0.714920353,17,21,15,24,"Y"
"96",172414,"UNIT","NONE","NMFS fall BTS",10,"FALL",2000,2,4,31.5,31,2.6457513111,1.3228756555,29.5,33.5,29,35,"Y"
"97",172414,"UNIT","NONE","NMFS fall BTS",10,"FALL",2001,1,35,25.828571429,26,1.2715371496,0.2149290064,25,27,23,29,"Y"
"98",172414,"UNIT","NONE","NMFS fall BTS",10,"FALL",2001,3,1,33,33,NA,NA,33,33,33,33,"Y"
"99",172414,"UNIT","NONE","NMFS fall BTS",10,"FALL",2001,2,6,29.833333333,30,1.1690451945,0.4772607021,29,31,28,31,"Y"
"100",172414,"UNIT","NONE","NMFS fall BTS",10,"FALL",2001,0,11,18.545454545,19,2.0180999164,0.6084800193,17,20,15,22,"Y"
"101",172414,"UNIT","NONE","NMFS fall BTS",10,"FALL",2002,2,2,30.5,30.5,0.7071067812,0.5,30,31,30,31,"Y"
"102",172414,"UNIT","NONE","NMFS fall BTS",10,"FALL",2002,1,4,27.25,27.5,1.7078251277,0.8539125638,26,28.5,25,29,"Y"
"103",172414,"UNIT","NONE","NMFS fall BTS",10,"FALL",2002,5,1,35,35,NA,NA,35,35,35,35,"Y"
"104",172414,"UNIT","NONE","NMFS fall BTS",10,"FALL",2002,0,9,20.444444444,21,1.8104634152,0.6034878051,19,22,18,23,"Y"
"105",172414,"UNIT","NONE","NMFS fall BTS",10,"FALL",2002,3,4,32,32,1.8257418584,0.9128709292,30.5,33.5,30,34,"Y"
"106",172414,"UNIT","NONE","NMFS fall BTS",10,"FALL",2003,2,1,29,29,NA,NA,29,29,29,29,"Y"
"107",172414,"UNIT","NONE","NMFS fall BTS",10,"FALL",2003,1,7,28.142857143,28,0.6900655593,0.2608202655,28,29,27,29,"Y"
"108",172414,"UNIT","NONE","NMFS fall BTS",10,"FALL",2003,4,1,34,34,NA,NA,34,34,34,34,"Y"
"109",172414,"UNIT","NONE","NMFS fall BTS",10,"FALL",2003,5,1,35,35,NA,NA,35,35,35,35,"Y"
"110",172414,"UNIT","NONE","NMFS fall BTS",10,"FALL",2003,0,38,19.236842105,20,2.4432389947,0.3963457019,17,21,15,23,"Y"
"111",172414,"UNIT","NONE","NMFS fall BTS",10,"FALL",2004,3,1,31,31,NA,NA,31,31,31,31,"Y"
"112",172414,"UNIT","NONE","NMFS fall BTS",10,"FALL",2004,1,20,26.05,26,1.9049796241,0.4259663935,24.5,27,23,30,"Y"
"113",172414,"UNIT","NONE","NMFS fall BTS",10,"FALL",2004,2,2,30.5,30.5,2.1213203436,1.5,29,32,29,32,"Y"
"114",172414,"UNIT","NONE","NMFS fall BTS",10,"FALL",2005,1,4,25.5,25.5,0.5773502692,0.2886751346,25,26,25,26,"Y"
"115",172414,"UNIT","NONE","NMFS fall BTS",10,"FALL",2005,0,9,17.777777778,18,1.0929064207,0.3643021402,17,19,16,19,"Y"
"116",172414,"UNIT","NONE","NMFS fall BTS",10,"FALL",2005,3,2,32.5,32.5,2.1213203436,1.5,31,34,31,34,"Y"
"117",172414,"UNIT","NONE","NMFS fall BTS",10,"FALL",2005,2,4,29.75,30,0.5,0.25,29.5,30,29,30,"Y"
"118",172414,"UNIT","NONE","NMFS fall BTS",10,"FALL",2006,1,1,25,25,NA,NA,25,25,25,25,"Y"
"119",172414,"UNIT","NONE","NMFS fall BTS",10,"FALL",2006,2,1,33,33,NA,NA,33,33,33,33,"Y"
"120",172414,"UNIT","NONE","NMFS fall BTS",10,"FALL",2006,0,3,20.666666667,21,0.5773502692,0.3333333333,20,21,20,21,"Y"
"121",172414,"UNIT","NONE","NMFS fall BTS",10,"FALL",2007,1,1,26,26,NA,NA,26,26,26,26,"Y"
"122",172414,"UNIT","NONE","NMFS fall BTS",10,"FALL",2007,0,24,19.625,19,1.3452816094,0.2746044586,19,20.5,18,23,"Y"
"123",172414,"UNIT","NONE","NMFS fall BTS",10,"FALL",2008,1,30,27.966666667,28,1.670914128,0.3050657865,27,29,25,32,"Y"
"124",172414,"UNIT","NONE","NMFS fall BTS",10,"FALL",2008,2,3,32,33,2.6457513111,1.5275252317,29,34,29,34,"Y"
"125",172414,"UNIT","NONE","NMFS fall BTS",10,"FALL",2008,0,4,21.75,21.5,1.7078251277,0.8539125638,20.5,23,20,24,"Y"
"126",172414,"UNIT","NONE","NMFS fall BTS",10,"FALL",2009,1,42,27.142857143,27,1.5706364808,0.2423544706,26,28,24,30,"Y"
"127",172414,"UNIT","NONE","NMFS fall BTS",10,"FALL",2009,2,32,32.125,32,1.6800537626,0.2969943521,31,34,28,35,"Y"
"128",172414,"UNIT","NONE","NMFS fall BTS",10,"FALL",2009,3,1,31,31,NA,NA,31,31,31,31,"Y"
"129",172414,"UNIT","NONE","NMFS fall BTS",10,"FALL",2009,0,7,20.714285714,21,1.4960264831,0.5654448613,19,22,19,23,"Y"
"130",172414,"UNIT","NONE","NMFS fall BTS",10,"FALL",2010,4,1,34,34,NA,NA,34,34,34,34,"Y"
"131",172414,"UNIT","NONE","NMFS fall BTS",10,"FALL",2010,1,43,25.720930233,26,1.3509358554,0.2060157866,25,27,23,29,"Y"
"132",172414,"UNIT","NONE","NMFS fall BTS",10,"FALL",2010,3,5,31.2,31,1.303840481,0.5830951895,30,32,30,33,"Y"
"133",172414,"UNIT","NONE","NMFS fall BTS",10,"FALL",2010,0,96,19.3125,19,1.6242407133,0.1657733736,18,20,15,24,"Y"
"134",172414,"UNIT","NONE","NMFS fall BTS",10,"FALL",2010,2,14,29.642857143,30,1.5984195491,0.4271955938,29,31,25,31,"Y"
"135",172414,"UNIT","NONE","NMFS fall BTS",10,"FALL",2011,0,23,20.043478261,20,1.9182914005,0.3999914074,18,22,17,23,"Y"
"136",172414,"UNIT","NONE","NMFS fall BTS",10,"FALL",2011,1,61,26.081967213,26,1.5736907994,0.2014904599,25,27,23,30,"Y"
"137",172414,"UNIT","NONE","NMFS fall BTS",10,"FALL",2011,3,2,32.5,32.5,0.7071067812,0.5,32,33,32,33,"Y"
"138",172414,"UNIT","NONE","NMFS fall BTS",10,"FALL",2011,4,2,33,33,0,0,33,33,33,33,"Y"
"139",172414,"UNIT","NONE","NMFS fall BTS",10,"FALL",2011,2,2,30,30,0,0,30,30,30,30,"Y"
"140",172414,"UNIT","NONE","NMFS fall BTS",10,"FALL",2012,0,17,21.705882353,22,1.159994929,0.2813400951,21,23,20,23,"Y"
"141",172414,"UNIT","NONE","NMFS fall BTS",10,"FALL",2012,1,63,26.492063492,26,1.6151801645,0.2034935732,25,28,24,31,"Y"
"142",172414,"UNIT","NONE","NMFS fall BTS",10,"FALL",2012,2,9,29.666666667,30,1.5,0.5,29,30,27,32,"Y"
"143",172414,"UNIT","NONE","NMFS fall BTS",10,"FALL",2013,2,14,28.571428571,28.5,1.222499691,0.3267267857,28,29,27,31,"Y"
"144",172414,"UNIT","NONE","NMFS fall BTS",10,"FALL",2013,0,16,20.5625,21,1.4127396552,0.3531849138,20,21.5,17,22,"Y"
"145",172414,"UNIT","NONE","NMFS fall BTS",10,"FALL",2013,1,26,26.576923077,26.5,1.8798526947,0.3686694451,25,27,24,32,"Y"
"146",172414,"UNIT","NONE","NMFS fall BTS",10,"FALL",2013,3,1,31,31,NA,NA,31,31,31,31,"Y"
"147",172414,"UNIT","NONE","NMFS fall BTS",10,"FALL",2014,2,21,30.904761905,31,1.0442586799,0.227875926,30,32,29,33,"Y"
"148",172414,"UNIT","NONE","NMFS fall BTS",10,"FALL",2014,3,4,33,32.5,1.4142135624,0.7071067812,32,34,32,35,"Y"
"149",172414,"UNIT","NONE","NMFS fall BTS",10,"FALL",2014,0,27,22.148148148,22,1.725458773,0.3320646957,21,24,19,25,"Y"
"150",172414,"UNIT","NONE","NMFS fall BTS",10,"FALL",2014,1,74,29.378378378,30,1.4496357852,0.1685167371,29,30,26,32,"Y"
"151",172414,"UNIT","NONE","NMFS fall BTS",10,"FALL",2015,2,54,31.888888889,32,1.2234603982,0.166491872,31,33,29,34,"Y"
"152",172414,"UNIT","NONE","NMFS fall BTS",10,"FALL",2015,3,6,33.166666667,33,0.9831920803,0.401386486,33,33,32,35,"Y"
"153",172414,"UNIT","NONE","NMFS fall BTS",10,"FALL",2015,1,78,27.615384615,28,1.4345529122,0.1624311317,27,28,24,31,"Y"
"154",172414,"UNIT","NONE","NMFS fall BTS",10,"FALL",2015,0,28,19.392857143,19,1.5948826896,0.3014044976,18,20,17,24,"Y"
"155",172414,"UNIT","NONE","NMFS fall BTS",10,"FALL",2016,3,2,33.5,33.5,0.7071067812,0.5,33,34,33,34,"Y"
"156",172414,"UNIT","NONE","NMFS fall BTS",10,"FALL",2016,1,100,24.86,25,2.3182194491,0.2318219449,23,26,21,32,"Y"
"157",172414,"UNIT","NONE","NMFS fall BTS",10,"FALL",2016,2,90,31.522222222,32,1.537748082,0.1620928802,31,32,27,35,"Y"
"158",172414,"UNIT","NONE","NMFS fall BTS",10,"FALL",2016,0,6,22.5,22.5,1.6431676725,0.6708203932,22,23,20,25,"Y"
"159",172414,"UNIT","NONE","NMFS fall BTS",10,"FALL",2016,5,1,35,35,NA,NA,35,35,35,35,"Y"
"160",172414,"UNIT","NONE","NMFS fall BTS",10,"FALL",2018,1,25,26.76,27,2.0058248511,0.4011649702,25,29,23,30,"N"
"161",172414,"UNIT","NONE","NMFS fall BTS",10,"FALL",2018,0,11,16.909090909,17,2.9139164523,0.8785788675,14,19,13,22,"N"
"162",172414,"UNIT","NONE","NMFS fall BTS",10,"FALL",2018,3,9,29.555555556,29,1.5092308564,0.5030769521,28,31,28,32,"N"
"163",172414,"UNIT","NONE","NMFS fall BTS",10,"FALL",2018,2,3,31,31,1,0.5773502692,30,32,30,32,"N"
"164",172414,"UNIT","NONE","NMFS fall BTS",10,"FALL",2018,4,1,33,33,NA,NA,33,33,33,33,"N"
"165",172414,"UNIT","NONE","NMFS spring BTS",10,"SPRING",1974,1,126,17.785714286,17,1.7093022804,0.1522767501,17,18,16,24,"N"
"166",172414,"UNIT","NONE","NMFS spring BTS",10,"SPRING",1974,5,1,33,33,NA,NA,33,33,33,33,"N"
"167",172414,"UNIT","NONE","NMFS spring BTS",10,"SPRING",1974,2,21,25.666666667,26,1.3165611772,0.2872972025,25,27,23,27,"N"
"168",172414,"UNIT","NONE","NMFS spring BTS",10,"SPRING",1974,3,25,29.52,30,1.3266499161,0.2653299832,29,30,26,32,"N"
"169",172414,"UNIT","NONE","NMFS spring BTS",10,"SPRING",1975,7,4,34.25,34.5,0.9574271078,0.4787135539,33.5,35,33,35,"N"
"170",172414,"UNIT","NONE","NMFS spring BTS",10,"SPRING",1975,3,20,29.7,30,1.0809352675,0.2417044738,29,30,28,32,"N"
"171",172414,"UNIT","NONE","NMFS spring BTS",10,"SPRING",1975,2,60,25.483333333,25,2.3324655368,0.301120006,24,27,16,29,"N"
"172",172414,"UNIT","NONE","NMFS spring BTS",10,"SPRING",1975,4,14,32.214285714,32,1.7619295118,0.4708954695,31,33,30,36,"N"
"173",172414,"UNIT","NONE","NMFS spring BTS",10,"SPRING",1975,5,5,34.4,34,0.894427191,0.4,34,34,34,36,"N"
"174",172414,"UNIT","NONE","NMFS spring BTS",10,"SPRING",1975,6,8,35,35,0.9258200998,0.3273268354,34,36,34,36,"N"
"175",172414,"UNIT","NONE","NMFS spring BTS",10,"SPRING",1975,8,4,34.75,34.5,0.9574271078,0.4787135539,34,35.5,34,36,"N"
"176",172414,"UNIT","NONE","NMFS spring BTS",10,"SPRING",1975,1,145,17.6,17,1.7966017304,0.1491996528,16,19,15,23,"N"
"177",172414,"UNIT","NONE","NMFS spring BTS",10,"SPRING",1976,1,5,18.8,19,0.4472135955,0.2,19,19,18,19,"N"
"178",172414,"UNIT","NONE","NMFS spring BTS",10,"SPRING",1976,2,2,26.5,26.5,0.7071067812,0.5,26,27,26,27,"N"
"179",172414,"UNIT","NONE","NMFS spring BTS",10,"SPRING",1977,3,5,31.8,31,1.095445115,0.4898979486,31,33,31,33,"N"
"180",172414,"UNIT","NONE","NMFS spring BTS",10,"SPRING",1977,12,1,38,38,NA,NA,38,38,38,38,"N"
"181",172414,"UNIT","NONE","NMFS spring BTS",10,"SPRING",1977,4,2,33,33,0,0,33,33,33,33,"N"
"182",172414,"UNIT","NONE","NMFS spring BTS",10,"SPRING",1978,2,42,28.761904762,29,1.6351254716,0.2523053379,28,29,26,33,"N"
"183",172414,"UNIT","NONE","NMFS spring BTS",10,"SPRING",1978,4,49,33.428571429,33,0.9789450104,0.1398492872,33,34,32,36,"N"
"184",172414,"UNIT","NONE","NMFS spring BTS",10,"SPRING",1978,8,1,36,36,NA,NA,36,36,36,36,"N"
"185",172414,"UNIT","NONE","NMFS spring BTS",10,"SPRING",1978,10,1,38,38,NA,NA,38,38,38,38,"N"
"186",172414,"UNIT","NONE","NMFS spring BTS",10,"SPRING",1978,11,2,38,38,1.4142135624,1,37,39,37,39,"N"
"187",172414,"UNIT","NONE","NMFS spring BTS",10,"SPRING",1978,13,1,36,36,NA,NA,36,36,36,36,"N"
"188",172414,"UNIT","NONE","NMFS spring BTS",10,"SPRING",1978,1,22,23.090909091,24,2.5243403836,0.5381911781,22,25,18,26,"N"
"189",172414,"UNIT","NONE","NMFS spring BTS",10,"SPRING",1978,9,1,38,38,NA,NA,38,38,38,38,"N"
"190",172414,"UNIT","NONE","NMFS spring BTS",10,"SPRING",1978,6,7,36,36,1.6329931619,0.6172133998,35,37,34,39,"N"
"191",172414,"UNIT","NONE","NMFS spring BTS",10,"SPRING",1978,7,2,36.5,36.5,0.7071067812,0.5,36,37,36,37,"N"
"192",172414,"UNIT","NONE","NMFS spring BTS",10,"SPRING",1978,5,20,34,34,1.0760551737,0.2406132516,33,35,32,36,"N"
"193",172414,"UNIT","NONE","NMFS spring BTS",10,"SPRING",1978,3,29,32.620689655,33,1.2367524612,0.2296591665,32,34,30,35,"N"
"194",172414,"UNIT","NONE","NMFS spring BTS",10,"SPRING",1979,2,3,28,31,5.1961524227,3,22,31,22,31,"N"
"195",172414,"UNIT","NONE","NMFS spring BTS",10,"SPRING",1979,6,11,36,36,1,0.3015113446,35,37,34,37,"N"
"196",172414,"UNIT","NONE","NMFS spring BTS",10,"SPRING",1979,8,4,37,37,0,0,37,37,37,37,"N"
"197",172414,"UNIT","NONE","NMFS spring BTS",10,"SPRING",1979,9,1,39,39,NA,NA,39,39,39,39,"N"
"198",172414,"UNIT","NONE","NMFS spring BTS",10,"SPRING",1979,10,3,39,39,1,0.5773502692,38,40,38,40,"N"
"199",172414,"UNIT","NONE","NMFS spring BTS",10,"SPRING",1979,14,1,39,39,NA,NA,39,39,39,39,"N"
"200",172414,"UNIT","NONE","NMFS spring BTS",10,"SPRING",1979,1,4,20.25,20,2.2173557826,1.1086778913,18.5,22,18,23,"N"
"201",172414,"UNIT","NONE","NMFS spring BTS",10,"SPRING",1979,4,10,34.8,35,0.7888106377,0.2494438258,34,35,34,36,"N"
"202",172414,"UNIT","NONE","NMFS spring BTS",10,"SPRING",1979,5,28,35.464285714,35,0.9993384055,0.1888572069,35,36,34,39,"N"
"203",172414,"UNIT","NONE","NMFS spring BTS",10,"SPRING",1979,7,4,36.5,36.5,0.5773502692,0.2886751346,36,37,36,37,"N"
"204",172414,"UNIT","NONE","NMFS spring BTS",10,"SPRING",1979,12,2,38,38,0,0,38,38,38,38,"N"
"205",172414,"UNIT","NONE","NMFS spring BTS",10,"SPRING",1979,3,3,34.666666667,34,1.1547005384,0.6666666667,34,36,34,36,"N"
"206",172414,"UNIT","NONE","NMFS spring BTS",10,"SPRING",1980,14,1,37,37,NA,NA,37,37,37,37,"N"
"207",172414,"UNIT","NONE","NMFS spring BTS",10,"SPRING",1980,13,1,38,38,NA,NA,38,38,38,38,"N"
"208",172414,"UNIT","NONE","NMFS spring BTS",10,"SPRING",1980,7,3,38,38,1,0.5773502692,37,39,37,39,"N"
"209",172414,"UNIT","NONE","NMFS spring BTS",10,"SPRING",1980,1,9,20.111111111,20,0.9279607271,0.3093202424,19,21,19,21,"N"
"210",172414,"UNIT","NONE","NMFS spring BTS",10,"SPRING",1980,2,50,30.02,30,1.2695813226,0.1795459125,29,31,26,33,"N"
"211",172414,"UNIT","NONE","NMFS spring BTS",10,"SPRING",1980,4,3,36.666666667,37,1.5275252317,0.8819171037,35,38,35,38,"N"
"212",172414,"UNIT","NONE","NMFS spring BTS",10,"SPRING",1980,3,3,35,35,1,0.5773502692,34,36,34,36,"N"
"213",172414,"UNIT","NONE","NMFS spring BTS",10,"SPRING",1980,5,13,36.230769231,36,0.7250110521,0.2010818864,36,37,35,37,"N"
"214",172414,"UNIT","NONE","NMFS spring BTS",10,"SPRING",1980,6,33,36.515151515,36,1.4815788057,0.2579097656,36,37,32,39,"N"
"215",172414,"UNIT","NONE","NMFS spring BTS",10,"SPRING",1980,8,3,37.333333333,37,0.5773502692,0.3333333333,37,38,37,38,"N"
"216",172414,"UNIT","NONE","NMFS spring BTS",10,"SPRING",1980,9,5,39.8,40,0.4472135955,0.2,40,40,39,40,"N"
"217",172414,"UNIT","NONE","NMFS spring BTS",10,"SPRING",1980,10,1,37,37,NA,NA,37,37,37,37,"N"
"218",172414,"UNIT","NONE","NMFS spring BTS",10,"SPRING",1981,3,86,34.23255814,34,1.4031428472,0.1513047844,33,35,31,38,"N"
"219",172414,"UNIT","NONE","NMFS spring BTS",10,"SPRING",1981,2,52,30.576923077,31,1.0543310089,0.1462094044,30,31,28,33,"N"
"220",172414,"UNIT","NONE","NMFS spring BTS",10,"SPRING",1981,4,4,36,36,1.1547005384,0.5773502692,35,37,35,37,"N"
"221",172414,"UNIT","NONE","NMFS spring BTS",10,"SPRING",1981,6,14,37.428571429,38,1.4525460784,0.3882092688,36,39,35,39,"N"
"222",172414,"UNIT","NONE","NMFS spring BTS",10,"SPRING",1981,7,82,37.365853659,37,1.083116162,0.1196101707,37,38,35,40,"N"
"223",172414,"UNIT","NONE","NMFS spring BTS",10,"SPRING",1981,9,8,38.25,38.5,0.8864052604,0.3133915853,37.5,39,37,39,"N"
"224",172414,"UNIT","NONE","NMFS spring BTS",10,"SPRING",1981,10,4,39,39,2.3094010768,1.1547005384,37,41,37,41,"N"
"225",172414,"UNIT","NONE","NMFS spring BTS",10,"SPRING",1981,11,6,39.666666667,39,1.032795559,0.4216370214,39,41,39,41,"N"
"226",172414,"UNIT","NONE","NMFS spring BTS",10,"SPRING",1981,8,32,37.75,38,1.1071614388,0.1957203403,37,38,36,41,"N"
"227",172414,"UNIT","NONE","NMFS spring BTS",10,"SPRING",1981,12,12,39.333333333,39.5,0.7784989442,0.2247332875,39,40,38,40,"N"
"228",172414,"UNIT","NONE","NMFS spring BTS",10,"SPRING",1981,14,16,40.375,41,0.8850612032,0.2212653008,39.5,41,39,41,"N"
"229",172414,"UNIT","NONE","NMFS spring BTS",10,"SPRING",1981,1,36,17.111111111,17,0.8203754464,0.1367292411,17,18,16,19,"N"
"230",172414,"UNIT","NONE","NMFS spring BTS",10,"SPRING",1982,2,28,28.892857143,29,1.4991179064,0.2833066547,28,30,25,32,"N"
"231",172414,"UNIT","NONE","NMFS spring BTS",10,"SPRING",1982,3,1,36,36,NA,NA,36,36,36,36,"N"
"232",172414,"UNIT","NONE","NMFS spring BTS",10,"SPRING",1982,1,25,17.92,18,1.4977761292,0.2995552258,17,19,16,23,"N"
"233",172414,"UNIT","NONE","NMFS spring BTS",10,"SPRING",1982,9,4,39,39,1.8257418584,0.9128709292,37.5,40.5,37,41,"N"
"234",172414,"UNIT","NONE","NMFS spring BTS",10,"SPRING",1982,8,9,37.666666667,38,1,0.3333333333,37,38,36,39,"N"
"235",172414,"UNIT","NONE","NMFS spring BTS",10,"SPRING",1982,6,2,40,40,2.8284271247,2,38,42,38,42,"N"
"236",172414,"UNIT","NONE","NMFS spring BTS",10,"SPRING",1982,13,1,39,39,NA,NA,39,39,39,39,"N"
"237",172414,"UNIT","NONE","NMFS spring BTS",10,"SPRING",1982,4,21,37.19047619,37,1.5690458126,0.3423938669,37,38,32,39,"N"
"238",172414,"UNIT","NONE","NMFS spring BTS",10,"SPRING",1982,5,1,38,38,NA,NA,38,38,38,38,"N"
"239",172414,"UNIT","NONE","NMFS spring BTS",10,"SPRING",1982,10,1,39,39,NA,NA,39,39,39,39,"N"
"240",172414,"UNIT","NONE","NMFS spring BTS",10,"SPRING",1982,7,2,37,37,1.4142135624,1,36,38,36,38,"N"
"241",172414,"UNIT","NONE","NMFS spring BTS",10,"SPRING",1983,2,47,27.829787234,28,1.2738020619,0.1858031269,27,29,25,30,"N"
"242",172414,"UNIT","NONE","NMFS spring BTS",10,"SPRING",1983,8,1,38,38,NA,NA,38,38,38,38,"N"
"243",172414,"UNIT","NONE","NMFS spring BTS",10,"SPRING",1983,1,59,18.440677966,17,3.5441607461,0.4614104279,16,21,13,27,"N"
"244",172414,"UNIT","NONE","NMFS spring BTS",10,"SPRING",1984,2,24,25.291666667,25.5,1.7564580631,0.3585355008,24,26,22,29,"N"
"245",172414,"UNIT","NONE","NMFS spring BTS",10,"SPRING",1985,3,8,30,30,0.9258200998,0.3273268354,29,31,29,31,"N"
"246",172414,"UNIT","NONE","NMFS spring BTS",10,"SPRING",1985,4,1,35,35,NA,NA,35,35,35,35,"N"
"247",172414,"UNIT","NONE","NMFS spring BTS",10,"SPRING",1985,8,1,38,38,NA,NA,38,38,38,38,"N"
"248",172414,"UNIT","NONE","NMFS spring BTS",10,"SPRING",1985,1,23,20.043478261,20,1.691644194,0.3527321979,19,21,18,24,"N"
"249",172414,"UNIT","NONE","NMFS spring BTS",10,"SPRING",1986,2,63,27.349206349,27,1.5570726272,0.1961727117,26,28,23,32,"N"
"250",172414,"UNIT","NONE","NMFS spring BTS",10,"SPRING",1986,8,1,40,40,NA,NA,40,40,40,40,"N"
"251",172414,"UNIT","NONE","NMFS spring BTS",10,"SPRING",1986,3,8,32.125,32,0.8345229604,0.2950484222,31.5,33,31,33,"N"
"252",172414,"UNIT","NONE","NMFS spring BTS",10,"SPRING",1986,4,122,32.286885246,32.5,1.3755810685,0.1245392583,32,33,23,35,"N"
"253",172414,"UNIT","NONE","NMFS spring BTS",10,"SPRING",1986,5,12,35.416666667,35.5,1.3789543689,0.398069838,34.5,36,33,38,"N"
"254",172414,"UNIT","NONE","NMFS spring BTS",10,"SPRING",1986,10,1,40,40,NA,NA,40,40,40,40,"N"
"255",172414,"UNIT","NONE","NMFS spring BTS",10,"SPRING",1986,15,2,43,43,1.4142135624,1,42,44,42,44,"N"
"256",172414,"UNIT","NONE","NMFS spring BTS",10,"SPRING",1986,1,21,20.428571429,20,1.5675276256,0.3420625714,19,21,19,25,"N"
"257",172414,"UNIT","NONE","NMFS spring BTS",10,"SPRING",1987,2,151,27,27,1.4142135624,0.1150870675,26,28,22,30,"Y"
"258",172414,"UNIT","NONE","NMFS spring BTS",10,"SPRING",1987,3,57,31.280701754,31,1.4970731679,0.1982921852,31,32,26,33,"Y"
"259",172414,"UNIT","NONE","NMFS spring BTS",10,"SPRING",1987,4,25,33.64,34,1.2871156384,0.2574231277,33,34,32,38,"Y"
"260",172414,"UNIT","NONE","NMFS spring BTS",10,"SPRING",1987,5,311,33.707395498,34,1.2602777348,0.071463794,33,34,28,40,"Y"
"261",172414,"UNIT","NONE","NMFS spring BTS",10,"SPRING",1987,7,3,36.333333333,34,4.9328828623,2.8480012484,33,42,33,42,"Y"
"262",172414,"UNIT","NONE","NMFS spring BTS",10,"SPRING",1987,9,6,40.666666667,40.5,1.3662601021,0.557773351,40,41,39,43,"Y"
"263",172414,"UNIT","NONE","NMFS spring BTS",10,"SPRING",1987,10,1,40,40,NA,NA,40,40,40,40,"Y"
"264",172414,"UNIT","NONE","NMFS spring BTS",10,"SPRING",1987,12,1,40,40,NA,NA,40,40,40,40,"Y"
"265",172414,"UNIT","NONE","NMFS spring BTS",10,"SPRING",1987,13,1,40,40,NA,NA,40,40,40,40,"Y"
"266",172414,"UNIT","NONE","NMFS spring BTS",10,"SPRING",1987,14,1,40,40,NA,NA,40,40,40,40,"Y"
"267",172414,"UNIT","NONE","NMFS spring BTS",10,"SPRING",1987,6,25,35.36,35,1.6299284238,0.3259856848,34,36,33,39,"Y"
"268",172414,"UNIT","NONE","NMFS spring BTS",10,"SPRING",1987,11,1,41,41,NA,NA,41,41,41,41,"Y"
"269",172414,"UNIT","NONE","NMFS spring BTS",10,"SPRING",1987,1,95,20.768421053,21,1.4692061221,0.1507373676,20,22,18,24,"Y"
"270",172414,"UNIT","NONE","NMFS spring BTS",10,"SPRING",1988,6,232,35.094827586,35,1.2377779859,0.081264106,34,36,32,39,"N"
"271",172414,"UNIT","NONE","NMFS spring BTS",10,"SPRING",1988,2,47,28.127659574,28,1.6099827339,0.2348401178,27,30,23,30,"N"
"272",172414,"UNIT","NONE","NMFS spring BTS",10,"SPRING",1988,3,33,31.303030303,31,1.530621779,0.2664470514,30,32,29,34,"N"
"273",172414,"UNIT","NONE","NMFS spring BTS",10,"SPRING",1988,4,30,33.733333333,33,1.6174337557,0.2953016511,33,35,30,38,"N"
"274",172414,"UNIT","NONE","NMFS spring BTS",10,"SPRING",1988,5,29,34.448275862,34,1.2979711337,0.2410271886,34,35,32,37,"N"
"275",172414,"UNIT","NONE","NMFS spring BTS",10,"SPRING",1988,7,24,36.958333333,37,1.5457984195,0.3155347811,36,38,34,39,"N"
"276",172414,"UNIT","NONE","NMFS spring BTS",10,"SPRING",1988,9,2,41,41,1.4142135624,1,40,42,40,42,"N"
"277",172414,"UNIT","NONE","NMFS spring BTS",10,"SPRING",1988,10,1,41,41,NA,NA,41,41,41,41,"N"
"278",172414,"UNIT","NONE","NMFS spring BTS",10,"SPRING",1988,11,4,41.5,41.5,1.2909944487,0.6454972244,40.5,42.5,40,43,"N"
"279",172414,"UNIT","NONE","NMFS spring BTS",10,"SPRING",1988,12,4,41,40.5,1.4142135624,0.7071067812,40,42,40,43,"N"
"280",172414,"UNIT","NONE","NMFS spring BTS",10,"SPRING",1988,13,3,42,42,1,0.5773502692,41,43,41,43,"N"
"281",172414,"UNIT","NONE","NMFS spring BTS",10,"SPRING",1988,15,1,40,40,NA,NA,40,40,40,40,"N"
"282",172414,"UNIT","NONE","NMFS spring BTS",10,"SPRING",1988,1,44,18.818181818,19,1.4349901105,0.2163328988,18,20,17,21,"N"
"283",172414,"UNIT","NONE","NMFS spring BTS",10,"SPRING",1989,13,1,40,40,NA,NA,40,40,40,40,"Y"
"284",172414,"UNIT","NONE","NMFS spring BTS",10,"SPRING",1989,1,38,18.947368421,18,2.5142552325,0.4078660569,18,19,16,28,"Y"
"285",172414,"UNIT","NONE","NMFS spring BTS",10,"SPRING",1989,8,1,39,39,NA,NA,39,39,39,39,"Y"
"286",172414,"UNIT","NONE","NMFS spring BTS",10,"SPRING",1989,16,2,42.5,42.5,2.1213203436,1.5,41,44,41,44,"Y"
"287",172414,"UNIT","NONE","NMFS spring BTS",10,"SPRING",1989,7,8,35.875,36,1.3562026819,0.4794900565,35,36.5,34,38,"Y"
"288",172414,"UNIT","NONE","NMFS spring BTS",10,"SPRING",1989,2,80,25.7,25,2.1251954489,0.2376040745,24,28,20,31,"Y"
"289",172414,"UNIT","NONE","NMFS spring BTS",10,"SPRING",1989,3,7,31.142857143,32,1.2149857926,0.4592214648,30,32,29,32,"Y"
"290",172414,"UNIT","NONE","NMFS spring BTS",10,"SPRING",1989,5,1,34,34,NA,NA,34,34,34,34,"Y"
"291",172414,"UNIT","NONE","NMFS spring BTS",10,"SPRING",1990,3,49,30.795918367,31,1.0404244294,0.1486320613,30,31,28,34,"N"
"292",172414,"UNIT","NONE","NMFS spring BTS",10,"SPRING",1990,6,1,39,39,NA,NA,39,39,39,39,"N"
"293",172414,"UNIT","NONE","NMFS spring BTS",10,"SPRING",1990,9,1,38,38,NA,NA,38,38,38,38,"N"
"294",172414,"UNIT","NONE","NMFS spring BTS",10,"SPRING",1990,1,71,20.169014085,20,1.2647519858,0.1500984459,19,21,18,26,"N"
"295",172414,"UNIT","NONE","NMFS spring BTS",10,"SPRING",1990,8,7,37.714285714,38,1.2535663411,0.4738035415,37,38,36,40,"N"
"296",172414,"UNIT","NONE","NMFS spring BTS",10,"SPRING",1990,5,1,35,35,NA,NA,35,35,35,35,"N"
"297",172414,"UNIT","NONE","NMFS spring BTS",10,"SPRING",1990,2,114,26.754385965,27,1.2014843586,0.1125293203,26,27,23,31,"N"
"298",172414,"UNIT","NONE","NMFS spring BTS",10,"SPRING",1991,2,6,28.666666667,29,2.3380903889,0.9545214042,26,30,26,32,"Y"
"299",172414,"UNIT","NONE","NMFS spring BTS",10,"SPRING",1991,3,19,32.105263158,32,1.1969747441,0.2746048393,32,33,29,34,"Y"
"300",172414,"UNIT","NONE","NMFS spring BTS",10,"SPRING",1991,4,7,34,34,1.1547005384,0.4364357805,33,35,32,35,"Y"
"301",172414,"UNIT","NONE","NMFS spring BTS",10,"SPRING",1991,6,3,37,37,1,0.5773502692,36,38,36,38,"Y"
"302",172414,"UNIT","NONE","NMFS spring BTS",10,"SPRING",1991,9,15,37.733333333,38,0.8837151017,0.2281742581,37,38,36,39,"Y"
"303",172414,"UNIT","NONE","NMFS spring BTS",10,"SPRING",1991,1,17,19.823529412,20,1.2366938848,0.2999423243,19,21,18,22,"Y"
"304",172414,"UNIT","NONE","NMFS spring BTS",10,"SPRING",1991,5,1,36,36,NA,NA,36,36,36,36,"Y"
"305",172414,"UNIT","NONE","NMFS spring BTS",10,"SPRING",1992,3,24,30.875,31,1.0759222535,0.2196217103,30.5,31.5,29,33,"N"
"306",172414,"UNIT","NONE","NMFS spring BTS",10,"SPRING",1992,4,37,32.837837838,33,1.2363367375,0.2032525076,32,33,30,37,"N"
"307",172414,"UNIT","NONE","NMFS spring BTS",10,"SPRING",1992,5,18,34.055555556,34,1.3048426645,0.3075543655,33,35,31,36,"N"
"308",172414,"UNIT","NONE","NMFS spring BTS",10,"SPRING",1992,6,2,35.5,35.5,0.7071067812,0.5,35,36,35,36,"N"
"309",172414,"UNIT","NONE","NMFS spring BTS",10,"SPRING",1992,7,3,36,36,0,0,36,36,36,36,"N"
"310",172414,"UNIT","NONE","NMFS spring BTS",10,"SPRING",1992,9,1,39,39,NA,NA,39,39,39,39,"N"
"311",172414,"UNIT","NONE","NMFS spring BTS",10,"SPRING",1992,10,17,39,39,1.2747548784,0.3091734712,38,40,37,41,"N"
"312",172414,"UNIT","NONE","NMFS spring BTS",10,"SPRING",1992,2,89,26.269662921,26,1.5866205147,0.1681814382,25,27,21,30,"N"
"313",172414,"UNIT","NONE","NMFS spring BTS",10,"SPRING",1992,1,94,19.723404255,20,1.8572974662,0.1915656067,18,21,16,26,"N"
"314",172414,"UNIT","NONE","NMFS spring BTS",10,"SPRING",1993,7,5,37.8,37,1.303840481,0.5830951895,37,38,37,40,"N"
"315",172414,"UNIT","NONE","NMFS spring BTS",10,"SPRING",1993,8,4,37.75,38,0.5,0.25,37.5,38,37,38,"N"
"316",172414,"UNIT","NONE","NMFS spring BTS",10,"SPRING",1993,2,46,25.869565217,26,1.5579002343,0.229699858,25,27,23,30,"N"
"317",172414,"UNIT","NONE","NMFS spring BTS",10,"SPRING",1993,3,25,30,30,1.2909944487,0.2581988897,29,31,27,32,"N"
"318",172414,"UNIT","NONE","NMFS spring BTS",10,"SPRING",1993,9,8,38.375,38.5,0.7440238091,0.2630521404,38,39,37,39,"N"
"319",172414,"UNIT","NONE","NMFS spring BTS",10,"SPRING",1993,4,13,33,33,1.0801234497,0.2995723448,32,34,31,35,"N"
"320",172414,"UNIT","NONE","NMFS spring BTS",10,"SPRING",1993,5,29,34.379310345,34,1.4739110533,0.2736984115,34,35,31,37,"N"
"321",172414,"UNIT","NONE","NMFS spring BTS",10,"SPRING",1993,10,3,39,39,1,0.5773502692,38,40,38,40,"N"
"322",172414,"UNIT","NONE","NMFS spring BTS",10,"SPRING",1993,12,1,40,40,NA,NA,40,40,40,40,"N"
"323",172414,"UNIT","NONE","NMFS spring BTS",10,"SPRING",1993,11,16,39.1875,39,1.6418993067,0.4104748267,38,40.5,36,42,"N"
"324",172414,"UNIT","NONE","NMFS spring BTS",10,"SPRING",1993,6,11,35.636363636,36,1.1200649332,0.337712284,35,36,34,38,"N"
"325",172414,"UNIT","NONE","NMFS spring BTS",10,"SPRING",1993,1,27,20.518518519,21,1.1221672154,0.2159611813,20,21,19,23,"N"
"326",172414,"UNIT","NONE","NMFS spring BTS",10,"SPRING",1994,2,42,27.047619048,27,1.1677032064,0.1801805165,26,28,24,29,"N"
"327",172414,"UNIT","NONE","NMFS spring BTS",10,"SPRING",1994,3,47,30.191489362,30,1.1541663257,0.1683524613,29,31,28,33,"N"
"328",172414,"UNIT","NONE","NMFS spring BTS",10,"SPRING",1994,4,23,32.695652174,33,1.1051442772,0.2304385114,32,34,31,34,"N"
"329",172414,"UNIT","NONE","NMFS spring BTS",10,"SPRING",1994,5,8,34.625,35,0.9161253813,0.3238992348,34,35,33,36,"N"
"330",172414,"UNIT","NONE","NMFS spring BTS",10,"SPRING",1994,6,27,35.851851852,36,1.1335344216,0.2181488011,35,37,34,38,"N"
"331",172414,"UNIT","NONE","NMFS spring BTS",10,"SPRING",1994,7,10,37,37,0.8164965809,0.2581988897,36,38,36,38,"N"
"332",172414,"UNIT","NONE","NMFS spring BTS",10,"SPRING",1994,8,4,38,37.5,1.4142135624,0.7071067812,37,39,37,40,"N"
"333",172414,"UNIT","NONE","NMFS spring BTS",10,"SPRING",1994,9,1,40,40,NA,NA,40,40,40,40,"N"
"334",172414,"UNIT","NONE","NMFS spring BTS",10,"SPRING",1994,10,5,38.4,38,1.1401754251,0.5099019514,38,39,37,40,"N"
"335",172414,"UNIT","NONE","NMFS spring BTS",10,"SPRING",1994,1,82,21.195121951,21,1.9590815711,0.2163443676,20,23,18,25,"N"
"336",172414,"UNIT","NONE","NMFS spring BTS",10,"SPRING",1994,11,3,39.666666667,40,0.5773502692,0.3333333333,39,40,39,40,"N"
"337",172414,"UNIT","NONE","NMFS spring BTS",10,"SPRING",1994,12,11,40.363636364,40,1.3618169681,0.4106032651,39,41,39,43,"N"
"338",172414,"UNIT","NONE","NMFS spring BTS",10,"SPRING",1995,3,22,31.045454545,31,1.3965015038,0.297735121,30,32,28,34,"Y"
"339",172414,"UNIT","NONE","NMFS spring BTS",10,"SPRING",1995,5,27,34.555555556,35,1.1547005384,0.2222222222,34,35,32,37,"Y"
"340",172414,"UNIT","NONE","NMFS spring BTS",10,"SPRING",1995,6,5,37.4,37,1.5165750888,0.6782329983,37,37,36,40,"Y"
"341",172414,"UNIT","NONE","NMFS spring BTS",10,"SPRING",1995,7,27,36.592592593,36,1.1522305879,0.22174688,36,37,35,39,"Y"
"342",172414,"UNIT","NONE","NMFS spring BTS",10,"SPRING",1995,8,5,38,38,0.7071067812,0.316227766,38,38,37,39,"Y"
"343",172414,"UNIT","NONE","NMFS spring BTS",10,"SPRING",1995,11,2,40.5,40.5,0.7071067812,0.5,40,41,40,41,"Y"
"344",172414,"UNIT","NONE","NMFS spring BTS",10,"SPRING",1995,12,1,41,41,NA,NA,41,41,41,41,"Y"
"345",172414,"UNIT","NONE","NMFS spring BTS",10,"SPRING",1995,1,94,20.882978723,21,1.3978199846,0.1441741231,20,22,17,24,"Y"
"346",172414,"UNIT","NONE","NMFS spring BTS",10,"SPRING",1995,4,45,32.866666667,33,1.5165750888,0.2260776661,32,34,30,39,"Y"
"347",172414,"UNIT","NONE","NMFS spring BTS",10,"SPRING",1995,2,111,27.117117117,27,1.9759404607,0.1875479687,26,29,23,33,"Y"
"348",172414,"UNIT","NONE","NMFS spring BTS",10,"SPRING",1996,2,94,27.276595745,27,1.8688404508,0.1927561747,26,29,20,33,"Y"
"349",172414,"UNIT","NONE","NMFS spring BTS",10,"SPRING",1996,3,46,31.717391304,32,1.3277055142,0.1957594982,31,33,29,34,"Y"
"350",172414,"UNIT","NONE","NMFS spring BTS",10,"SPRING",1996,4,4,34.75,34.5,0.9574271078,0.4787135539,34,35.5,34,36,"Y"
"351",172414,"UNIT","NONE","NMFS spring BTS",10,"SPRING",1996,5,32,35.21875,35,1.3133157987,0.2321636268,34,36,33,38,"Y"
"352",172414,"UNIT","NONE","NMFS spring BTS",10,"SPRING",1996,6,26,36.192307692,36,1.0590271297,0.2076923077,35,37,35,38,"Y"
"353",172414,"UNIT","NONE","NMFS spring BTS",10,"SPRING",1996,7,8,36.875,37,1.2464234548,0.4406772385,36,37.5,35,39,"Y"
"354",172414,"UNIT","NONE","NMFS spring BTS",10,"SPRING",1996,8,11,38.363636364,38,1.6895400127,0.5094154809,38,40,34,40,"Y"
"355",172414,"UNIT","NONE","NMFS spring BTS",10,"SPRING",1996,9,10,39.2,39,1.6865480854,0.5333333333,38,40,37,42,"Y"
"356",172414,"UNIT","NONE","NMFS spring BTS",10,"SPRING",1996,11,1,41,41,NA,NA,41,41,41,41,"Y"
"357",172414,"UNIT","NONE","NMFS spring BTS",10,"SPRING",1996,1,121,21.404958678,21,1.6959683193,0.1541789381,20,23,18,27,"Y"
"358",172414,"UNIT","NONE","NMFS spring BTS",10,"SPRING",1997,2,57,27.912280702,28,1.5269098317,0.2022441478,27,29,24,31,"N"
"359",172414,"UNIT","NONE","NMFS spring BTS",10,"SPRING",1997,4,17,33.823529412,34,1.1311108543,0.274334678,33,35,32,36,"N"
"360",172414,"UNIT","NONE","NMFS spring BTS",10,"SPRING",1997,6,2,37,37,1.4142135624,1,36,38,36,38,"N"
"361",172414,"UNIT","NONE","NMFS spring BTS",10,"SPRING",1997,8,1,39,39,NA,NA,39,39,39,39,"N"
"362",172414,"UNIT","NONE","NMFS spring BTS",10,"SPRING",1997,10,2,38,38,2.8284271247,2,36,40,36,40,"N"
"363",172414,"UNIT","NONE","NMFS spring BTS",10,"SPRING",1997,12,1,39,39,NA,NA,39,39,39,39,"N"
"364",172414,"UNIT","NONE","NMFS spring BTS",10,"SPRING",1997,1,83,20.120481928,20,1.4176379389,0.1556059793,19,21,18,23,"N"
"365",172414,"UNIT","NONE","NMFS spring BTS",10,"SPRING",1997,5,1,37,37,NA,NA,37,37,37,37,"N"
"366",172414,"UNIT","NONE","NMFS spring BTS",10,"SPRING",1997,7,5,37.4,37,0.5477225575,0.2449489743,37,38,37,38,"N"
"367",172414,"UNIT","NONE","NMFS spring BTS",10,"SPRING",1997,9,5,38.4,38,0.894427191,0.4,38,38,38,40,"N"
"368",172414,"UNIT","NONE","NMFS spring BTS",10,"SPRING",1997,3,23,32.434782609,32,1.7274807447,0.3602046353,31,34,30,36,"N"
"369",172414,"UNIT","NONE","NMFS spring BTS",10,"SPRING",1998,2,108,26.861111111,27,1.9974672436,0.1922063751,26,28,20,33,"N"
"370",172414,"UNIT","NONE","NMFS spring BTS",10,"SPRING",1998,3,33,31.303030303,32,1.5709242599,0.2734628128,30,32,28,34,"N"
"371",172414,"UNIT","NONE","NMFS spring BTS",10,"SPRING",1998,4,14,34.5,35,2.2446517633,0.5999084179,34,35,29,39,"N"
"372",172414,"UNIT","NONE","NMFS spring BTS",10,"SPRING",1998,5,2,34,34,2.8284271247,2,32,36,32,36,"N"
"373",172414,"UNIT","NONE","NMFS spring BTS",10,"SPRING",1998,6,2,36,36,1.4142135624,1,35,37,35,37,"N"
"374",172414,"UNIT","NONE","NMFS spring BTS",10,"SPRING",1998,7,9,36.888888889,37,2.0275875101,0.6758625034,35,38,34,40,"N"
"375",172414,"UNIT","NONE","NMFS spring BTS",10,"SPRING",1998,8,3,38.666666667,38,1.1547005384,0.6666666667,38,40,38,40,"N"
"376",172414,"UNIT","NONE","NMFS spring BTS",10,"SPRING",1998,9,1,40,40,NA,NA,40,40,40,40,"N"
"377",172414,"UNIT","NONE","NMFS spring BTS",10,"SPRING",1998,10,2,39.5,39.5,0.7071067812,0.5,39,40,39,40,"N"
"378",172414,"UNIT","NONE","NMFS spring BTS",10,"SPRING",1998,1,138,20.166666667,20,1.5734259117,0.1339389083,19,21,17,26,"N"
"379",172414,"UNIT","NONE","NMFS spring BTS",10,"SPRING",1999,2,112,26.285714286,26,1.6626721759,0.1571077532,25,27.5,23,30,"N"
"380",172414,"UNIT","NONE","NMFS spring BTS",10,"SPRING",1999,3,73,30.904109589,31,1.3140732218,0.1538006374,30,32,28,34,"N"
"381",172414,"UNIT","NONE","NMFS spring BTS",10,"SPRING",1999,4,25,33.8,34,0.9574271078,0.1914854216,33,34,32,35,"N"
"382",172414,"UNIT","NONE","NMFS spring BTS",10,"SPRING",1999,5,16,35.75,36,1.0645812948,0.2661453237,35,36,34,38,"N"
"383",172414,"UNIT","NONE","NMFS spring BTS",10,"SPRING",1999,6,3,36.333333333,37,1.1547005384,0.6666666667,35,37,35,37,"N"
"384",172414,"UNIT","NONE","NMFS spring BTS",10,"SPRING",1999,8,8,38,38,1.0690449676,0.377964473,37.5,39,36,39,"N"
"385",172414,"UNIT","NONE","NMFS spring BTS",10,"SPRING",1999,9,4,37.75,37.5,2.7537852736,1.3768926368,35.5,40,35,41,"N"
"386",172414,"UNIT","NONE","NMFS spring BTS",10,"SPRING",1999,1,97,20.721649485,21,1.2053895294,0.1223887636,20,22,18,24,"N"
"387",172414,"UNIT","NONE","NMFS spring BTS",10,"SPRING",2000,2,66,27.742424242,28,1.7124935132,0.2107933798,27,29,22,33,"Y"
"388",172414,"UNIT","NONE","NMFS spring BTS",10,"SPRING",2000,3,34,30.470588235,30.5,1.5420429998,0.2644581927,29,32,28,33,"Y"
"389",172414,"UNIT","NONE","NMFS spring BTS",10,"SPRING",2000,4,37,34.540540541,35,1.2381571116,0.2035517753,34,35,31,37,"Y"
"390",172414,"UNIT","NONE","NMFS spring BTS",10,"SPRING",2000,5,23,36.565217391,36,1.3759653456,0.2869086078,36,37,35,40,"Y"
"391",172414,"UNIT","NONE","NMFS spring BTS",10,"SPRING",2000,6,11,36.909090909,37,0.7006490497,0.2112536371,36,37,36,38,"Y"
"392",172414,"UNIT","NONE","NMFS spring BTS",10,"SPRING",2000,7,3,38.666666667,38,1.1547005384,0.6666666667,38,40,38,40,"Y"
"393",172414,"UNIT","NONE","NMFS spring BTS",10,"SPRING",2000,9,3,40.333333333,40,0.5773502692,0.3333333333,40,41,40,41,"Y"
"394",172414,"UNIT","NONE","NMFS spring BTS",10,"SPRING",2000,10,1,40,40,NA,NA,40,40,40,40,"Y"
"395",172414,"UNIT","NONE","NMFS spring BTS",10,"SPRING",2000,1,147,20.700680272,21,1.9911274633,0.1642254253,19,22,17,26,"Y"
"396",172414,"UNIT","NONE","NMFS spring BTS",10,"SPRING",2001,3,21,32.095238095,32,1.4108423691,0.3078710452,31,33,30,35,"Y"
"397",172414,"UNIT","NONE","NMFS spring BTS",10,"SPRING",2001,5,15,36.533333333,36,1.0600988274,0.2737163403,36,37,35,39,"Y"
"398",172414,"UNIT","NONE","NMFS spring BTS",10,"SPRING",2001,9,1,40,40,NA,NA,40,40,40,40,"Y"
"399",172414,"UNIT","NONE","NMFS spring BTS",10,"SPRING",2001,1,105,21.057142857,21,1.1995878413,0.1170677862,20,22,19,24,"Y"
"400",172414,"UNIT","NONE","NMFS spring BTS",10,"SPRING",2001,6,4,38.5,38.5,1.2909944487,0.6454972244,37.5,39.5,37,40,"Y"
"401",172414,"UNIT","NONE","NMFS spring BTS",10,"SPRING",2001,4,8,34.125,34,1.2464234548,0.4406772385,33.5,35,32,36,"Y"
"402",172414,"UNIT","NONE","NMFS spring BTS",10,"SPRING",2001,2,156,26.628205128,27,1.8981075421,0.1519702282,25,28,22,31,"Y"
"403",172414,"UNIT","NONE","NMFS spring BTS",10,"SPRING",2002,7,1,38,38,NA,NA,38,38,38,38,"Y"
"404",172414,"UNIT","NONE","NMFS spring BTS",10,"SPRING",2002,1,62,22.096774194,22,1.6064386578,0.2040179136,21,23,18,26,"Y"
"405",172414,"UNIT","NONE","NMFS spring BTS",10,"SPRING",2002,2,75,26.32,26,1.3270573014,0.153235378,25,27,23,29,"Y"
"406",172414,"UNIT","NONE","NMFS spring BTS",10,"SPRING",2002,3,97,30.06185567,30,1.7066929095,0.1732884101,29,31,26,34,"Y"
"407",172414,"UNIT","NONE","NMFS spring BTS",10,"SPRING",2002,4,8,34.875,34.5,1.1259916265,0.3980981573,34,35.5,34,37,"Y"
"408",172414,"UNIT","NONE","NMFS spring BTS",10,"SPRING",2002,5,3,34.333333333,35,1.1547005384,0.6666666667,33,35,33,35,"Y"
"409",172414,"UNIT","NONE","NMFS spring BTS",10,"SPRING",2002,6,2,37.5,37.5,0.7071067812,0.5,37,38,37,38,"Y"
"410",172414,"UNIT","NONE","NMFS spring BTS",10,"SPRING",2003,2,118,26.974576271,27,1.4760878324,0.1358848992,26,28,24,30,"Y"
"411",172414,"UNIT","NONE","NMFS spring BTS",10,"SPRING",2003,3,46,30.173913043,30,1.2166319233,0.1793825907,29,31,28,34,"Y"
"412",172414,"UNIT","NONE","NMFS spring BTS",10,"SPRING",2003,4,59,32.644067797,33,1.3741795278,0.1789029362,32,34,30,35,"Y"
"413",172414,"UNIT","NONE","NMFS spring BTS",10,"SPRING",2003,5,11,35.545454545,36,0.934198733,0.2816715161,35,36,34,37,"Y"
"414",172414,"UNIT","NONE","NMFS spring BTS",10,"SPRING",2003,6,2,37,37,0,0,37,37,37,37,"Y"
"415",172414,"UNIT","NONE","NMFS spring BTS",10,"SPRING",2003,7,3,39.333333333,40,1.1547005384,0.6666666667,38,40,38,40,"Y"
"416",172414,"UNIT","NONE","NMFS spring BTS",10,"SPRING",2003,1,132,20.393939394,20,2.1356929467,0.185888211,19,22,17,26,"Y"
"417",172414,"UNIT","NONE","NMFS spring BTS",10,"SPRING",2004,2,88,27.306818182,27,1.5562846602,0.1659005022,26,28,23,30,"Y"
"418",172414,"UNIT","NONE","NMFS spring BTS",10,"SPRING",2004,3,7,31.857142857,31,1.2149857926,0.4592214648,31,33,31,34,"Y"
"419",172414,"UNIT","NONE","NMFS spring BTS",10,"SPRING",2004,4,3,33,33,2,1.1547005384,31,35,31,35,"Y"
"420",172414,"UNIT","NONE","NMFS spring BTS",10,"SPRING",2004,5,12,35,35,1.2060453783,0.3481553119,34.5,36,33,37,"Y"
"421",172414,"UNIT","NONE","NMFS spring BTS",10,"SPRING",2004,6,1,37,37,NA,NA,37,37,37,37,"Y"
"422",172414,"UNIT","NONE","NMFS spring BTS",10,"SPRING",2004,1,130,20.115384615,20,1.8113963751,0.1588699717,19,21,16,24,"Y"
"423",172414,"UNIT","NONE","NMFS spring BTS",10,"SPRING",2005,2,93,26,26,1.7320508076,0.179605302,25,27,23,30,"Y"
"424",172414,"UNIT","NONE","NMFS spring BTS",10,"SPRING",2005,3,40,30.825,31,1.50021366,0.2372046071,30,32,27,33,"Y"
"425",172414,"UNIT","NONE","NMFS spring BTS",10,"SPRING",2005,4,13,33.538461538,34,0.967417922,0.2683134556,33,34,32,35,"Y"
"426",172414,"UNIT","NONE","NMFS spring BTS",10,"SPRING",2005,5,6,34.333333333,34.5,1.2110601416,0.4944132325,33,35,33,36,"Y"
"427",172414,"UNIT","NONE","NMFS spring BTS",10,"SPRING",2005,6,39,35.974358974,36,1.2027857902,0.192599868,35,37,34,38,"Y"
"428",172414,"UNIT","NONE","NMFS spring BTS",10,"SPRING",2005,7,3,38,39,1.7320508076,1,36,39,36,39,"Y"
"429",172414,"UNIT","NONE","NMFS spring BTS",10,"SPRING",2005,1,35,19.8,20,1.1324102354,0.1914122657,19,21,18,22,"Y"
"430",172414,"UNIT","NONE","NMFS spring BTS",10,"SPRING",2006,2,91,25.978021978,26,1.1448243143,0.1200101969,25,27,24,29,"N"
"431",172414,"UNIT","NONE","NMFS spring BTS",10,"SPRING",2006,3,83,29.963855422,30,1.4687457992,0.1612157958,29,31,27,34,"N"
"432",172414,"UNIT","NONE","NMFS spring BTS",10,"SPRING",2006,4,19,33.210526316,33,1.5484381869,0.355236083,32,34,30,36,"N"
"433",172414,"UNIT","NONE","NMFS spring BTS",10,"SPRING",2006,5,4,34.5,34.5,1.2909944487,0.6454972244,33.5,35.5,33,36,"N"
"434",172414,"UNIT","NONE","NMFS spring BTS",10,"SPRING",2006,6,2,35.5,35.5,0.7071067812,0.5,35,36,35,36,"N"
"435",172414,"UNIT","NONE","NMFS spring BTS",10,"SPRING",2006,7,6,35.666666667,36,1.032795559,0.4216370214,35,36,34,37,"N"
"436",172414,"UNIT","NONE","NMFS spring BTS",10,"SPRING",2006,1,81,19.469135802,19,1.483967821,0.1648853134,19,20,16,23,"N"
"437",172414,"UNIT","NONE","NMFS spring BTS",10,"SPRING",2007,2,176,26.789772727,27,1.2944311291,0.0975714176,26,28,24,30,"Y"
"438",172414,"UNIT","NONE","NMFS spring BTS",10,"SPRING",2007,3,50,30.84,31,1.1313708499,0.16,30,31,29,34,"Y"
"439",172414,"UNIT","NONE","NMFS spring BTS",10,"SPRING",2007,4,61,33.31147541,33,1.1767325327,0.150665162,32,34,31,35,"Y"
"440",172414,"UNIT","NONE","NMFS spring BTS",10,"SPRING",2007,5,11,35.727272727,35,1.555050423,0.4688653439,34,37,34,38,"Y"
"441",172414,"UNIT","NONE","NMFS spring BTS",10,"SPRING",2007,6,1,35,35,NA,NA,35,35,35,35,"Y"
"442",172414,"UNIT","NONE","NMFS spring BTS",10,"SPRING",2007,7,1,38,38,NA,NA,38,38,38,38,"Y"
"443",172414,"UNIT","NONE","NMFS spring BTS",10,"SPRING",2007,8,4,37.25,37.5,0.9574271078,0.4787135539,36.5,38,36,38,"Y"
"444",172414,"UNIT","NONE","NMFS spring BTS",10,"SPRING",2007,1,86,22.127906977,22,1.1861605052,0.1279069767,21,23,19,25,"Y"
"445",172414,"UNIT","NONE","NMFS spring BTS",10,"SPRING",2008,2,42,27.357142857,27,1.164964745,0.1797579627,27,28,25,30,"Y"
"446",172414,"UNIT","NONE","NMFS spring BTS",10,"SPRING",2008,3,38,30.973684211,31,1.3653401142,0.2214874136,30,32,29,35,"Y"
"447",172414,"UNIT","NONE","NMFS spring BTS",10,"SPRING",2008,4,7,34,34,0.5773502692,0.2182178902,34,34,33,35,"Y"
"448",172414,"UNIT","NONE","NMFS spring BTS",10,"SPRING",2008,5,6,34,34,0.632455532,0.2581988897,34,34,33,35,"Y"
"449",172414,"UNIT","NONE","NMFS spring BTS",10,"SPRING",2008,9,2,37.5,37.5,0.7071067812,0.5,37,38,37,38,"Y"
"450",172414,"UNIT","NONE","NMFS spring BTS",10,"SPRING",2008,1,69,20.449275362,21,1.9061528231,0.2294738337,19,22,16,26,"Y"
"451",172414,"UNIT","NONE","NMFS spring BTS",10,"SPRING",2009,2,159,27.358490566,27,1.7584624284,0.1394551417,26,29,24,32,"N"
"452",172414,"UNIT","NONE","NMFS spring BTS",10,"SPRING",2009,3,33,31.484848485,31,1.4387757843,0.250458716,31,32,28,34,"N"
"453",172414,"UNIT","NONE","NMFS spring BTS",10,"SPRING",2009,4,27,33.259259259,33,1.1633040674,0.2238779722,32,34,31,36,"N"
"454",172414,"UNIT","NONE","NMFS spring BTS",10,"SPRING",2009,5,1,39,39,NA,NA,39,39,39,39,"N"
"455",172414,"UNIT","NONE","NMFS spring BTS",10,"SPRING",2009,6,2,34.5,34.5,0.7071067812,0.5,34,35,34,35,"N"
"456",172414,"UNIT","NONE","NMFS spring BTS",10,"SPRING",2009,1,196,20.923469388,21,1.5719529595,0.1122823542,20,22,18,26,"N"
"457",172414,"UNIT","NONE","NMFS spring BTS",10,"SPRING",2010,2,225,27.142222222,27,1.3015253566,0.0867683571,26,28,24,30,"Y"
"458",172414,"UNIT","NONE","NMFS spring BTS",10,"SPRING",2010,3,71,31.028169014,31,1.3413408109,0.1591878672,30,32,28,35,"Y"
"459",172414,"UNIT","NONE","NMFS spring BTS",10,"SPRING",2010,4,9,33.666666667,34,1.2247448714,0.4082482905,33,34,31,35,"Y"
"460",172414,"UNIT","NONE","NMFS spring BTS",10,"SPRING",2010,5,17,35.117647059,35,0.9275204136,0.2249567432,35,35,34,37,"Y"
"461",172414,"UNIT","NONE","NMFS spring BTS",10,"SPRING",2010,6,1,35,35,NA,NA,35,35,35,35,"Y"
"462",172414,"UNIT","NONE","NMFS spring BTS",10,"SPRING",2010,7,3,37.666666667,38,0.5773502692,0.3333333333,37,38,37,38,"Y"
"463",172414,"UNIT","NONE","NMFS spring BTS",10,"SPRING",2010,1,121,20.487603306,20,1.0654866062,0.0968624187,20,21,18,24,"Y"
"464",172414,"UNIT","NONE","NMFS spring BTS",10,"SPRING",2011,2,80,26.6375,27,1.193269628,0.1334116002,26,27.5,23,29,"Y"
"465",172414,"UNIT","NONE","NMFS spring BTS",10,"SPRING",2011,3,97,30.927835052,31,1.1478913882,0.1165507119,30,32,28,34,"Y"
"466",172414,"UNIT","NONE","NMFS spring BTS",10,"SPRING",2011,4,25,34.44,34,1.3564659966,0.2712931993,34,35,31,37,"Y"
"467",172414,"UNIT","NONE","NMFS spring BTS",10,"SPRING",2011,5,3,33,33,1,0.5773502692,32,34,32,34,"Y"
"468",172414,"UNIT","NONE","NMFS spring BTS",10,"SPRING",2011,6,1,34,34,NA,NA,34,34,34,34,"Y"
"469",172414,"UNIT","NONE","NMFS spring BTS",10,"SPRING",2011,1,264,20.625,20,2.0150338004,0.1240167574,19,22,16,27,"Y"
"470",172414,"UNIT","NONE","NMFS spring BTS",10,"SPRING",2012,2,133,26.616541353,27,1.8858395948,0.1635230314,25,28,22,31,"Y"
"471",172414,"UNIT","NONE","NMFS spring BTS",10,"SPRING",2012,3,23,30.565217391,30,1.5322617554,0.3194986621,30,32,27,34,"Y"
"472",172414,"UNIT","NONE","NMFS spring BTS",10,"SPRING",2012,4,36,33.527777778,34,1.2302406527,0.2050401088,33,34.5,30,35,"Y"
"473",172414,"UNIT","NONE","NMFS spring BTS",10,"SPRING",2012,5,7,33.714285714,34,1.4960264831,0.5654448613,32,35,32,36,"Y"
"474",172414,"UNIT","NONE","NMFS spring BTS",10,"SPRING",2012,6,1,36,36,NA,NA,36,36,36,36,"Y"
"475",172414,"UNIT","NONE","NMFS spring BTS",10,"SPRING",2012,1,193,19.419689119,19,1.795545967,0.1292462268,18,20,16,25,"Y"
"476",172414,"UNIT","NONE","NMFS spring BTS",10,"SPRING",2013,2,224,26.205357143,26,1.4023579941,0.0936989848,25,27,21,31,"Y"
"477",172414,"UNIT","NONE","NMFS spring BTS",10,"SPRING",2013,3,236,30.322033898,30,1.3830669339,0.090029989,30,31,27,34,"Y"
"478",172414,"UNIT","NONE","NMFS spring BTS",10,"SPRING",2013,4,6,32.333333333,32.5,0.8164965809,0.3333333333,32,33,31,33,"Y"
"479",172414,"UNIT","NONE","NMFS spring BTS",10,"SPRING",2013,5,8,34.875,34.5,1.3562026819,0.4794900565,34,36,33,37,"Y"
"480",172414,"UNIT","NONE","NMFS spring BTS",10,"SPRING",2013,6,1,37,37,NA,NA,37,37,37,37,"Y"
"481",172414,"UNIT","NONE","NMFS spring BTS",10,"SPRING",2013,1,159,21.798742138,22,1.1571455179,0.0917676088,21,23,19,25,"Y"
"482",172414,"UNIT","NONE","NMFS spring BTS",10,"SPRING",2014,2,95,28.705263158,29,2.0518475546,0.2105151173,27,30,23,33,"N"
"483",172414,"UNIT","NONE","NMFS spring BTS",10,"SPRING",2014,3,122,30.221311475,30,1.5239807328,0.1379747326,29,31,26,34,"N"
"484",172414,"UNIT","NONE","NMFS spring BTS",10,"SPRING",2014,4,22,32.818181818,33,1.7081419489,0.3641770872,31,34,30,37,"N"
"485",172414,"UNIT","NONE","NMFS spring BTS",10,"SPRING",2014,1,93,21.827956989,21,1.7974840866,0.186390417,20,24,18,26,"N"
"486",172414,"UNIT","NONE","NMFS spring BTS",10,"SPRING",2015,2,204,28.446078431,28,1.8172773208,0.127234862,27,30,24,34,"Y"
"487",172414,"UNIT","NONE","NMFS spring BTS",10,"SPRING",2015,3,83,31.542168675,32,1.7758625855,0.1949262425,30,33,27,35,"Y"
"488",172414,"UNIT","NONE","NMFS spring BTS",10,"SPRING",2015,4,76,32.842105263,33,1.5496462528,0.1777566162,32,34,29,36,"Y"
"489",172414,"UNIT","NONE","NMFS spring BTS",10,"SPRING",2015,5,13,34.076923077,34,1.0377490433,0.287819799,33,35,33,36,"Y"
"490",172414,"UNIT","NONE","NMFS spring BTS",10,"SPRING",2015,6,1,33,33,NA,NA,33,33,33,33,"Y"
"491",172414,"UNIT","NONE","NMFS spring BTS",10,"SPRING",2015,1,259,21.030888031,21,1.7606298377,0.109400215,20,22,17,25,"Y"
"492",172414,"UNIT","NONE","NMFS spring BTS",10,"SPRING",2016,2,199,28.567839196,28,2.0035753029,0.1420296875,27,30,24,34,"Y"
"493",172414,"UNIT","NONE","NMFS spring BTS",10,"SPRING",2016,3,120,32.391666667,32,1.5079388422,0.1376553532,32,33,27,37,"Y"
"494",172414,"UNIT","NONE","NMFS spring BTS",10,"SPRING",2016,4,7,33.571428571,34,0.9759000729,0.3688555568,33,34,32,35,"Y"
"495",172414,"UNIT","NONE","NMFS spring BTS",10,"SPRING",2016,5,2,36.5,36.5,0.7071067812,0.5,36,37,36,37,"Y"
"496",172414,"UNIT","NONE","NMFS spring BTS",10,"SPRING",2016,6,2,36,36,1.4142135624,1,35,37,35,37,"Y"
"497",172414,"UNIT","NONE","NMFS spring BTS",10,"SPRING",2016,1,121,19.818181818,20,2.5948667275,0.2358969752,18,22,15,25,"Y"
"498",172414,"UNIT","NONE","NMFS spring BTS",10,"SPRING",2017,2,278,24.694244604,24,2.3169527412,0.1389615909,23,26,21,32,"Y"
"499",172414,"UNIT","NONE","NMFS spring BTS",10,"SPRING",2017,3,220,31.140909091,32,1.7758293685,0.1197263916,30,32,23,36,"Y"
"500",172414,"UNIT","NONE","NMFS spring BTS",10,"SPRING",2017,4,37,32.675675676,33,1.415274886,0.232669758,32,34,29,35,"Y"
"501",172414,"UNIT","NONE","NMFS spring BTS",10,"SPRING",2017,5,6,33.5,33.5,1.3784048752,0.5627314339,32,35,32,35,"Y"
"502",172414,"UNIT","NONE","NMFS spring BTS",10,"SPRING",2017,6,3,34,34,1,0.5773502692,33,35,33,35,"Y"
"503",172414,"UNIT","NONE","NMFS spring BTS",10,"SPRING",2017,1,35,19.8,20,0.8331372318,0.1408258953,19,20,18,22,"Y"
"504",172414,"UNIT","NONE","NMFS spring BTS",10,"SPRING",2018,2,3,27,27,2,1.1547005384,25,29,25,29,"Y"
"505",172414,"UNIT","NONE","NMFS spring BTS",10,"SPRING",2018,3,169,28.390532544,28,2.3429540421,0.180227234,26,30,25,35,"Y"
"506",172414,"UNIT","NONE","NMFS spring BTS",10,"SPRING",2018,4,48,32.729166667,32,1.3951219474,0.201368508,32,34,30,36,"Y"
"507",172414,"UNIT","NONE","NMFS spring BTS",10,"SPRING",2018,5,5,34.8,35,1.095445115,0.4898979486,35,35,33,36,"Y"
"508",172414,"UNIT","NONE","NMFS spring BTS",10,"SPRING",2018,7,1,37,37,NA,NA,37,37,37,37,"Y"
"509",172414,"UNIT","NONE","NMFS spring BTS",10,"SPRING",2018,1,83,19.542168675,19,2.0260571153,0.22238866,18,21,15,24,"Y"
