SPECIES_ITIS,STOCK_ABBREV,SEX_TYPE,PURPOSE_CODE,SURVEY,SEASON,YEAR,AGE,NO_AT_AGE,ALK_COMPLETE,STRATA_SAMPLING_COMPLETE
172735,UNIT,NONE,10,NMFS fall BTS,FALL,1976,1,0.753,N,N
172735,UNIT,NONE,10,NMFS fall BTS,FALL,1976,2,0.8306,N,N
172735,UNIT,NONE,10,NMFS fall BTS,FALL,1976,3,1.1803,N,N
172735,UNIT,NONE,10,NMFS fall BTS,FALL,1976,4,0.2917,N,N
172735,UNIT,NONE,10,NMFS fall BTS,FALL,1976,5,0.0494,N,N
172735,UNIT,NONE,10,NMFS fall BTS,FALL,1976,6,0.0016,N,N
172735,UNIT,NONE,10,NMFS fall BTS,FALL,1977,1,0.2302,N,N
172735,UNIT,NONE,10,NMFS fall BTS,FALL,1977,2,1.3567,N,N
172735,UNIT,NONE,10,NMFS fall BTS,FALL,1977,3,1.1539,N,N
172735,UNIT,NONE,10,NMFS fall BTS,FALL,1977,4,0.4358,N,N
172735,UNIT,NONE,10,NMFS fall BTS,FALL,1977,5,0.0694,N,N
172735,UNIT,NONE,10,NMFS fall BTS,FALL,1977,6,0.0796,N,N
172735,UNIT,NONE,10,NMFS fall BTS,FALL,1977,7,0.0152,N,N
172735,UNIT,NONE,10,NMFS fall BTS,FALL,1978,1,0.0649,N,N
172735,UNIT,NONE,10,NMFS fall BTS,FALL,1978,2,0.3515,N,N
172735,UNIT,NONE,10,NMFS fall BTS,FALL,1978,3,0.3418,N,N
172735,UNIT,NONE,10,NMFS fall BTS,FALL,1978,4,0.1288,N,N
172735,UNIT,NONE,10,NMFS fall BTS,FALL,1978,5,0.0358,N,N
172735,UNIT,NONE,10,NMFS fall BTS,FALL,1978,6,0.0035,N,N
172735,UNIT,NONE,10,NMFS fall BTS,FALL,1978,7,0.0016,N,N
172735,UNIT,NONE,10,NMFS fall BTS,FALL,1978,10,0.0006,N,N
172735,UNIT,NONE,10,NMFS fall BTS,FALL,1979,1,0.4123,N,N
172735,UNIT,NONE,10,NMFS fall BTS,FALL,1979,2,0.8091,N,N
172735,UNIT,NONE,10,NMFS fall BTS,FALL,1979,3,0.4866,N,N
172735,UNIT,NONE,10,NMFS fall BTS,FALL,1979,4,0.1302,N,N
172735,UNIT,NONE,10,NMFS fall BTS,FALL,1979,5,0.0333,N,N
172735,UNIT,NONE,10,NMFS fall BTS,FALL,1979,6,0.0421,N,N
172735,UNIT,NONE,10,NMFS fall BTS,FALL,1979,7,0.0015,N,N
172735,UNIT,NONE,10,NMFS fall BTS,FALL,1979,8,0.0007,N,N
172735,UNIT,NONE,10,NMFS fall BTS,FALL,1980,1,0.9025,N,N
172735,UNIT,NONE,10,NMFS fall BTS,FALL,1980,2,1.077,N,N
172735,UNIT,NONE,10,NMFS fall BTS,FALL,1980,3,0.7033,N,N
172735,UNIT,NONE,10,NMFS fall BTS,FALL,1980,4,0.1944,N,N
172735,UNIT,NONE,10,NMFS fall BTS,FALL,1980,5,0.0622,N,N
172735,UNIT,NONE,10,NMFS fall BTS,FALL,1980,6,0.016,N,N
172735,UNIT,NONE,10,NMFS fall BTS,FALL,1980,7,0.0158,N,N
172735,UNIT,NONE,10,NMFS fall BTS,FALL,1980,8,0.0271,N,N
172735,UNIT,NONE,10,NMFS fall BTS,FALL,1980,11,0.0008,N,N
172735,UNIT,NONE,10,NMFS fall BTS,FALL,1982,0,0.5499,N,N
172735,UNIT,NONE,10,NMFS fall BTS,FALL,1982,1,1.5038,N,N
172735,UNIT,NONE,10,NMFS fall BTS,FALL,1982,2,0.3972,N,N
172735,UNIT,NONE,10,NMFS fall BTS,FALL,1982,3,0.0166,N,N
172735,UNIT,NONE,10,NMFS fall BTS,FALL,1982,5,0.0007,N,N
172735,UNIT,NONE,10,NMFS fall BTS,FALL,1983,0,0.9616,N,N
172735,UNIT,NONE,10,NMFS fall BTS,FALL,1983,1,1.4611,N,N
172735,UNIT,NONE,10,NMFS fall BTS,FALL,1983,2,0.3413,N,N
172735,UNIT,NONE,10,NMFS fall BTS,FALL,1983,3,0.1215,N,N
172735,UNIT,NONE,10,NMFS fall BTS,FALL,1983,4,0.0125,N,N
172735,UNIT,NONE,10,NMFS fall BTS,FALL,1984,0,0.1819,N,N
172735,UNIT,NONE,10,NMFS fall BTS,FALL,1984,1,1.3765,N,N
172735,UNIT,NONE,10,NMFS fall BTS,FALL,1984,2,0.4267,N,N
172735,UNIT,NONE,10,NMFS fall BTS,FALL,1984,3,0.0713,N,N
172735,UNIT,NONE,10,NMFS fall BTS,FALL,1984,4,0.0096,N,N
172735,UNIT,NONE,10,NMFS fall BTS,FALL,1984,5,0.0082,N,N
172735,UNIT,NONE,10,NMFS fall BTS,FALL,1984,6,0.0021,N,N
172735,UNIT,NONE,10,NMFS fall BTS,FALL,1985,0,0.5707,N,N
172735,UNIT,NONE,10,NMFS fall BTS,FALL,1985,1,0.7786,N,N
172735,UNIT,NONE,10,NMFS fall BTS,FALL,1985,2,0.4541,N,N
172735,UNIT,NONE,10,NMFS fall BTS,FALL,1985,3,0.0465,N,N
172735,UNIT,NONE,10,NMFS fall BTS,FALL,1985,5,0.0169,N,N
172735,UNIT,NONE,10,NMFS fall BTS,FALL,1986,0,0.3938,Y,N
172735,UNIT,NONE,10,NMFS fall BTS,FALL,1986,1,0.8274,Y,N
172735,UNIT,NONE,10,NMFS fall BTS,FALL,1986,2,0.1154,Y,N
172735,UNIT,NONE,10,NMFS fall BTS,FALL,1986,3,0.0963,Y,N
172735,UNIT,NONE,10,NMFS fall BTS,FALL,1986,5,0.0115,Y,N
172735,UNIT,NONE,10,NMFS fall BTS,FALL,1987,0,0.0687,N,N
172735,UNIT,NONE,10,NMFS fall BTS,FALL,1987,1,0.5751,N,N
172735,UNIT,NONE,10,NMFS fall BTS,FALL,1987,2,0.186,N,N
172735,UNIT,NONE,10,NMFS fall BTS,FALL,1987,3,0.033,N,N
172735,UNIT,NONE,10,NMFS fall BTS,FALL,1987,4,0.0166,N,N
172735,UNIT,NONE,10,NMFS fall BTS,FALL,1988,0,0.0492,N,N
172735,UNIT,NONE,10,NMFS fall BTS,FALL,1988,1,0.5826,N,N
172735,UNIT,NONE,10,NMFS fall BTS,FALL,1988,2,0.1712,N,N
172735,UNIT,NONE,10,NMFS fall BTS,FALL,1988,3,0.0264,N,N
172735,UNIT,NONE,10,NMFS fall BTS,FALL,1989,0,0.2323,N,N
172735,UNIT,NONE,10,NMFS fall BTS,FALL,1989,1,0.1639,N,N
172735,UNIT,NONE,10,NMFS fall BTS,FALL,1989,2,0.042,N,N
172735,UNIT,NONE,10,NMFS fall BTS,FALL,1989,3,0.0017,N,N
172735,UNIT,NONE,10,NMFS fall BTS,FALL,1990,0,0.4314,N,N
172735,UNIT,NONE,10,NMFS fall BTS,FALL,1990,1,0.3784,N,N
172735,UNIT,NONE,10,NMFS fall BTS,FALL,1990,2,0.0266,N,N
172735,UNIT,NONE,10,NMFS fall BTS,FALL,1990,3,0.0385,N,N
172735,UNIT,NONE,10,NMFS fall BTS,FALL,1990,4,0.001,N,N
172735,UNIT,NONE,10,NMFS fall BTS,FALL,1990,5,0.0006,N,N
172735,UNIT,NONE,10,NMFS fall BTS,FALL,1991,0,0.7566,N,N
172735,UNIT,NONE,10,NMFS fall BTS,FALL,1991,1,0.8349,N,N
172735,UNIT,NONE,10,NMFS fall BTS,FALL,1991,2,0.0891,N,N
172735,UNIT,NONE,10,NMFS fall BTS,FALL,1991,3,0.0021,N,N
172735,UNIT,NONE,10,NMFS fall BTS,FALL,1991,4,0.0096,N,N
172735,UNIT,NONE,10,NMFS fall BTS,FALL,1991,5,0.0011,N,N
172735,UNIT,NONE,10,NMFS fall BTS,FALL,1991,6,0.0015,N,N
172735,UNIT,NONE,10,NMFS fall BTS,FALL,1992,0,0.9871,Y,N
172735,UNIT,NONE,10,NMFS fall BTS,FALL,1992,1,1.0388,Y,N
172735,UNIT,NONE,10,NMFS fall BTS,FALL,1992,2,0.2478,Y,N
172735,UNIT,NONE,10,NMFS fall BTS,FALL,1992,3,0.0347,Y,N
172735,UNIT,NONE,10,NMFS fall BTS,FALL,1992,4,0.0068,Y,N
172735,UNIT,NONE,10,NMFS fall BTS,FALL,1992,5,0.0015,Y,N
172735,UNIT,NONE,10,NMFS fall BTS,FALL,1993,0,0.2315,Y,N
172735,UNIT,NONE,10,NMFS fall BTS,FALL,1993,1,0.7965,Y,N
172735,UNIT,NONE,10,NMFS fall BTS,FALL,1993,2,0.0336,Y,N
172735,UNIT,NONE,10,NMFS fall BTS,FALL,1993,3,0.0091,Y,N
172735,UNIT,NONE,10,NMFS fall BTS,FALL,1993,4,0.0021,Y,N
172735,UNIT,NONE,10,NMFS fall BTS,FALL,1993,6,0.0006,Y,N
172735,UNIT,NONE,10,NMFS fall BTS,FALL,1994,0,0.745,Y,N
172735,UNIT,NONE,10,NMFS fall BTS,FALL,1994,1,0.6659,Y,N
172735,UNIT,NONE,10,NMFS fall BTS,FALL,1994,2,0.0947,Y,N
172735,UNIT,NONE,10,NMFS fall BTS,FALL,1994,3,0.0125,Y,N
172735,UNIT,NONE,10,NMFS fall BTS,FALL,1994,4,0.0073,Y,N
172735,UNIT,NONE,10,NMFS fall BTS,FALL,1995,0,0.9286,N,N
172735,UNIT,NONE,10,NMFS fall BTS,FALL,1995,1,1.1646,N,N
172735,UNIT,NONE,10,NMFS fall BTS,FALL,1995,2,0.2827,N,N
172735,UNIT,NONE,10,NMFS fall BTS,FALL,1995,3,0.0036,N,N
172735,UNIT,NONE,10,NMFS fall BTS,FALL,1995,4,0.0084,N,N
172735,UNIT,NONE,10,NMFS fall BTS,FALL,1995,12,0.008,N,N
172735,UNIT,NONE,10,NMFS fall BTS,FALL,1996,0,0.1143,Y,N
172735,UNIT,NONE,10,NMFS fall BTS,FALL,1996,1,1.234,Y,N
172735,UNIT,NONE,10,NMFS fall BTS,FALL,1996,2,0.5739,Y,N
172735,UNIT,NONE,10,NMFS fall BTS,FALL,1996,3,0.0397,Y,N
172735,UNIT,NONE,10,NMFS fall BTS,FALL,1997,0,0.1688,Y,N
172735,UNIT,NONE,10,NMFS fall BTS,FALL,1997,1,1.2859,Y,N
172735,UNIT,NONE,10,NMFS fall BTS,FALL,1997,2,1.1411,Y,N
172735,UNIT,NONE,10,NMFS fall BTS,FALL,1997,3,0.289,Y,N
172735,UNIT,NONE,10,NMFS fall BTS,FALL,1997,4,0.0194,Y,N
172735,UNIT,NONE,10,NMFS fall BTS,FALL,1997,5,0.0104,Y,N
172735,UNIT,NONE,10,NMFS fall BTS,FALL,1997,6,0.0169,Y,N
172735,UNIT,NONE,10,NMFS fall BTS,FALL,1997,7,0.001,Y,N
172735,UNIT,NONE,10,NMFS fall BTS,FALL,1998,0,0.3779,Y,N
172735,UNIT,NONE,10,NMFS fall BTS,FALL,1998,1,2.1286,Y,N
172735,UNIT,NONE,10,NMFS fall BTS,FALL,1998,2,1.6337,Y,N
172735,UNIT,NONE,10,NMFS fall BTS,FALL,1998,3,0.3347,Y,N
172735,UNIT,NONE,10,NMFS fall BTS,FALL,1998,4,0.041,Y,N
172735,UNIT,NONE,10,NMFS fall BTS,FALL,1998,5,0.0061,Y,N
172735,UNIT,NONE,10,NMFS fall BTS,FALL,1999,0,0.2136,N,N
172735,UNIT,NONE,10,NMFS fall BTS,FALL,1999,1,1.7309,N,N
172735,UNIT,NONE,10,NMFS fall BTS,FALL,1999,2,1.4844,N,N
172735,UNIT,NONE,10,NMFS fall BTS,FALL,1999,3,0.3082,N,N
172735,UNIT,NONE,10,NMFS fall BTS,FALL,1999,4,0.0355,N,N
172735,UNIT,NONE,10,NMFS fall BTS,FALL,1999,5,0.0115,N,N
172735,UNIT,NONE,10,NMFS fall BTS,FALL,2000,0,0.2164,Y,N
172735,UNIT,NONE,10,NMFS fall BTS,FALL,2000,1,1.1969,Y,N
172735,UNIT,NONE,10,NMFS fall BTS,FALL,2000,2,1.2196,Y,N
172735,UNIT,NONE,10,NMFS fall BTS,FALL,2000,3,0.4025,Y,N
172735,UNIT,NONE,10,NMFS fall BTS,FALL,2000,4,0.1492,Y,N
172735,UNIT,NONE,10,NMFS fall BTS,FALL,2000,5,0.0646,Y,N
172735,UNIT,NONE,10,NMFS fall BTS,FALL,2000,6,0.0293,Y,N
172735,UNIT,NONE,10,NMFS fall BTS,FALL,2000,7,0.0283,Y,N
172735,UNIT,NONE,10,NMFS fall BTS,FALL,2000,8,0.0149,Y,N
172735,UNIT,NONE,10,NMFS fall BTS,FALL,2001,0,0.1179,N,N
172735,UNIT,NONE,10,NMFS fall BTS,FALL,2001,1,1.363,N,N
172735,UNIT,NONE,10,NMFS fall BTS,FALL,2001,2,0.9294,N,N
172735,UNIT,NONE,10,NMFS fall BTS,FALL,2001,3,0.3732,N,N
172735,UNIT,NONE,10,NMFS fall BTS,FALL,2001,4,0.1064,N,N
172735,UNIT,NONE,10,NMFS fall BTS,FALL,2001,5,0.0987,N,N
172735,UNIT,NONE,10,NMFS fall BTS,FALL,2001,7,0.0075,N,N
172735,UNIT,NONE,10,NMFS fall BTS,FALL,2002,0,0.0637,Y,N
172735,UNIT,NONE,10,NMFS fall BTS,FALL,2002,1,1.1734,Y,N
172735,UNIT,NONE,10,NMFS fall BTS,FALL,2002,2,0.8561,Y,N
172735,UNIT,NONE,10,NMFS fall BTS,FALL,2002,3,0.3464,Y,N
172735,UNIT,NONE,10,NMFS fall BTS,FALL,2002,4,0.1076,Y,N
172735,UNIT,NONE,10,NMFS fall BTS,FALL,2002,5,0.0338,Y,N
172735,UNIT,NONE,10,NMFS fall BTS,FALL,2002,6,0.0337,Y,N
172735,UNIT,NONE,10,NMFS fall BTS,FALL,2002,7,0.0179,Y,N
172735,UNIT,NONE,10,NMFS fall BTS,FALL,2003,0,0.1813,Y,N
172735,UNIT,NONE,10,NMFS fall BTS,FALL,2003,1,1.3147,Y,N
172735,UNIT,NONE,10,NMFS fall BTS,FALL,2003,2,1.029,Y,N
172735,UNIT,NONE,10,NMFS fall BTS,FALL,2003,3,0.2476,Y,N
172735,UNIT,NONE,10,NMFS fall BTS,FALL,2003,4,0.0986,Y,N
172735,UNIT,NONE,10,NMFS fall BTS,FALL,2003,5,0.0266,Y,N
172735,UNIT,NONE,10,NMFS fall BTS,FALL,2003,6,0.0681,Y,N
172735,UNIT,NONE,10,NMFS fall BTS,FALL,2003,7,0.0145,Y,N
172735,UNIT,NONE,10,NMFS fall BTS,FALL,2004,0,0.3578,Y,N
172735,UNIT,NONE,10,NMFS fall BTS,FALL,2004,1,1.4915,Y,N
172735,UNIT,NONE,10,NMFS fall BTS,FALL,2004,2,1.3725,Y,N
172735,UNIT,NONE,10,NMFS fall BTS,FALL,2004,3,0.6591,Y,N
172735,UNIT,NONE,10,NMFS fall BTS,FALL,2004,4,0.1924,Y,N
172735,UNIT,NONE,10,NMFS fall BTS,FALL,2004,5,0.0662,Y,N
172735,UNIT,NONE,10,NMFS fall BTS,FALL,2004,6,0.0565,Y,N
172735,UNIT,NONE,10,NMFS fall BTS,FALL,2004,7,0.0267,Y,N
172735,UNIT,NONE,10,NMFS fall BTS,FALL,2004,8,0.0015,Y,N
172735,UNIT,NONE,10,NMFS fall BTS,FALL,2004,9,0.014,Y,N
172735,UNIT,NONE,10,NMFS fall BTS,FALL,2005,0,0.1573,Y,N
172735,UNIT,NONE,10,NMFS fall BTS,FALL,2005,1,1.1409,Y,N
172735,UNIT,NONE,10,NMFS fall BTS,FALL,2005,2,0.5456,Y,N
172735,UNIT,NONE,10,NMFS fall BTS,FALL,2005,3,0.4652,Y,N
172735,UNIT,NONE,10,NMFS fall BTS,FALL,2005,4,0.1799,Y,N
172735,UNIT,NONE,10,NMFS fall BTS,FALL,2005,5,0.099,Y,N
172735,UNIT,NONE,10,NMFS fall BTS,FALL,2005,6,0.1315,Y,N
172735,UNIT,NONE,10,NMFS fall BTS,FALL,2005,7,0.0067,Y,N
172735,UNIT,NONE,10,NMFS fall BTS,FALL,2005,8,0.0104,Y,N
172735,UNIT,NONE,10,NMFS fall BTS,FALL,2005,10,0.0143,Y,N
172735,UNIT,NONE,10,NMFS fall BTS,FALL,2006,0,0.3053,N,N
172735,UNIT,NONE,10,NMFS fall BTS,FALL,2006,1,0.7207,N,N
172735,UNIT,NONE,10,NMFS fall BTS,FALL,2006,2,1.2192,N,N
172735,UNIT,NONE,10,NMFS fall BTS,FALL,2006,3,0.3524,N,N
172735,UNIT,NONE,10,NMFS fall BTS,FALL,2006,4,0.1683,N,N
172735,UNIT,NONE,10,NMFS fall BTS,FALL,2006,5,0.0612,N,N
172735,UNIT,NONE,10,NMFS fall BTS,FALL,2006,6,0.0698,N,N
172735,UNIT,NONE,10,NMFS fall BTS,FALL,2006,7,0.0073,N,N
172735,UNIT,NONE,10,NMFS fall BTS,FALL,2006,8,0.0015,N,N
172735,UNIT,NONE,10,NMFS fall BTS,FALL,2007,0,0.1177,N,N
172735,UNIT,NONE,10,NMFS fall BTS,FALL,2007,1,0.8394,N,N
172735,UNIT,NONE,10,NMFS fall BTS,FALL,2007,2,0.9085,N,N
172735,UNIT,NONE,10,NMFS fall BTS,FALL,2007,3,0.9587,N,N
172735,UNIT,NONE,10,NMFS fall BTS,FALL,2007,4,0.3078,N,N
172735,UNIT,NONE,10,NMFS fall BTS,FALL,2007,5,0.092,N,N
172735,UNIT,NONE,10,NMFS fall BTS,FALL,2007,6,0.0773,N,N
172735,UNIT,NONE,10,NMFS fall BTS,FALL,2007,7,0.0193,N,N
172735,UNIT,NONE,10,NMFS fall BTS,FALL,2007,9,0.0143,N,N
172735,UNIT,NONE,10,NMFS fall BTS,FALL,2007,11,0.0143,N,N
172735,UNIT,NONE,10,NMFS fall BTS,FALL,2008,0,0.3892,Y,N
172735,UNIT,NONE,10,NMFS fall BTS,FALL,2008,1,0.5187,Y,N
172735,UNIT,NONE,10,NMFS fall BTS,FALL,2008,2,0.594,Y,N
172735,UNIT,NONE,10,NMFS fall BTS,FALL,2008,3,0.3271,Y,N
172735,UNIT,NONE,10,NMFS fall BTS,FALL,2008,4,0.459,Y,N
172735,UNIT,NONE,10,NMFS fall BTS,FALL,2008,5,0.1613,Y,N
172735,UNIT,NONE,10,NMFS fall BTS,FALL,2008,6,0.1033,Y,N
172735,UNIT,NONE,10,NMFS fall BTS,FALL,2008,7,0.0297,Y,N
172735,UNIT,NONE,10,NMFS fall BTS,FALL,2008,8,0.033,Y,N
172735,UNIT,NONE,10,NMFS fall BTS,FALL,2008,9,0.0276,Y,N
172735,UNIT,NONE,10,NMFS fall BTS,FALL,2009,0,0.2678,N,N
172735,UNIT,NONE,10,NMFS fall BTS,FALL,2009,1,2.0003,N,N
172735,UNIT,NONE,10,NMFS fall BTS,FALL,2009,2,1.232,N,N
172735,UNIT,NONE,10,NMFS fall BTS,FALL,2009,3,0.7455,N,N
172735,UNIT,NONE,10,NMFS fall BTS,FALL,2009,4,0.4304,N,N
172735,UNIT,NONE,10,NMFS fall BTS,FALL,2009,5,0.1887,N,N
172735,UNIT,NONE,10,NMFS fall BTS,FALL,2009,6,0.0515,N,N
172735,UNIT,NONE,10,NMFS fall BTS,FALL,2009,7,0.0062,N,N
172735,UNIT,NONE,10,NMFS fall BTS,FALL,2009,8,0.0094,N,N
172735,UNIT,NONE,10,NMFS fall BTS,FALL,2009,9,0.0033,N,N
172735,UNIT,NONE,10,NMFS fall BTS,FALL,2010,0,0.1032,Y,N
172735,UNIT,NONE,10,NMFS fall BTS,FALL,2010,1,0.9703,Y,N
172735,UNIT,NONE,10,NMFS fall BTS,FALL,2010,2,0.7459,Y,N
172735,UNIT,NONE,10,NMFS fall BTS,FALL,2010,3,0.4359,Y,N
172735,UNIT,NONE,10,NMFS fall BTS,FALL,2010,4,0.2411,Y,N
172735,UNIT,NONE,10,NMFS fall BTS,FALL,2010,5,0.1341,Y,N
172735,UNIT,NONE,10,NMFS fall BTS,FALL,2010,6,0.0516,Y,N
172735,UNIT,NONE,10,NMFS fall BTS,FALL,2010,7,0.0189,Y,N
172735,UNIT,NONE,10,NMFS fall BTS,FALL,2010,8,0.0058,Y,N
172735,UNIT,NONE,10,NMFS fall BTS,FALL,2010,9,0.0123,Y,N
172735,UNIT,NONE,10,NMFS fall BTS,FALL,2011,0,0.1514,Y,N
172735,UNIT,NONE,10,NMFS fall BTS,FALL,2011,1,1.036,Y,N
172735,UNIT,NONE,10,NMFS fall BTS,FALL,2011,2,1.1713,Y,N
172735,UNIT,NONE,10,NMFS fall BTS,FALL,2011,3,0.7152,Y,N
172735,UNIT,NONE,10,NMFS fall BTS,FALL,2011,4,0.3801,Y,N
172735,UNIT,NONE,10,NMFS fall BTS,FALL,2011,5,0.2715,Y,N
172735,UNIT,NONE,10,NMFS fall BTS,FALL,2011,6,0.1585,Y,N
172735,UNIT,NONE,10,NMFS fall BTS,FALL,2011,7,0.1243,Y,N
172735,UNIT,NONE,10,NMFS fall BTS,FALL,2011,8,0.0455,Y,N
172735,UNIT,NONE,10,NMFS fall BTS,FALL,2011,9,0.0338,Y,N
172735,UNIT,NONE,10,NMFS fall BTS,FALL,2011,10,0.0186,Y,N
172735,UNIT,NONE,10,NMFS fall BTS,FALL,2011,11,0.0138,Y,N
172735,UNIT,NONE,10,NMFS fall BTS,FALL,2011,13,0.0022,Y,N
172735,UNIT,NONE,10,NMFS fall BTS,FALL,2012,0,0.1726,N,N
172735,UNIT,NONE,10,NMFS fall BTS,FALL,2012,1,0.2467,N,N
172735,UNIT,NONE,10,NMFS fall BTS,FALL,2012,2,0.4507,N,N
172735,UNIT,NONE,10,NMFS fall BTS,FALL,2012,3,1.0785,N,N
172735,UNIT,NONE,10,NMFS fall BTS,FALL,2012,4,0.5957,N,N
172735,UNIT,NONE,10,NMFS fall BTS,FALL,2012,5,0.1423,N,N
172735,UNIT,NONE,10,NMFS fall BTS,FALL,2012,6,0.0629,N,N
172735,UNIT,NONE,10,NMFS fall BTS,FALL,2012,7,0.0374,N,N
172735,UNIT,NONE,10,NMFS fall BTS,FALL,2012,8,0.0062,N,N
172735,UNIT,NONE,10,NMFS fall BTS,FALL,2012,9,0.0227,N,N
172735,UNIT,NONE,10,NMFS fall BTS,FALL,2012,11,0.0059,N,N
172735,UNIT,NONE,10,NMFS fall BTS,FALL,2013,0,0.0784,N,N
172735,UNIT,NONE,10,NMFS fall BTS,FALL,2013,1,0.2579,N,N
172735,UNIT,NONE,10,NMFS fall BTS,FALL,2013,2,0.4365,N,N
172735,UNIT,NONE,10,NMFS fall BTS,FALL,2013,3,0.8081,N,N
172735,UNIT,NONE,10,NMFS fall BTS,FALL,2013,4,0.668,N,N
172735,UNIT,NONE,10,NMFS fall BTS,FALL,2013,5,0.1963,N,N
172735,UNIT,NONE,10,NMFS fall BTS,FALL,2013,6,0.0335,N,N
172735,UNIT,NONE,10,NMFS fall BTS,FALL,2013,7,0.0216,N,N
172735,UNIT,NONE,10,NMFS fall BTS,FALL,2013,8,0.0214,N,N
172735,UNIT,NONE,10,NMFS fall BTS,FALL,2013,11,0.0009,N,N
172735,UNIT,NONE,10,NMFS fall BTS,FALL,2014,0,0.3503,N,N
172735,UNIT,NONE,10,NMFS fall BTS,FALL,2014,1,0.9604,N,N
172735,UNIT,NONE,10,NMFS fall BTS,FALL,2014,2,0.7964,N,N
172735,UNIT,NONE,10,NMFS fall BTS,FALL,2014,3,0.727,N,N
172735,UNIT,NONE,10,NMFS fall BTS,FALL,2014,4,0.6518,N,N
172735,UNIT,NONE,10,NMFS fall BTS,FALL,2014,5,0.1699,N,N
172735,UNIT,NONE,10,NMFS fall BTS,FALL,2014,6,0.082,N,N
172735,UNIT,NONE,10,NMFS fall BTS,FALL,2014,7,0.0217,N,N
172735,UNIT,NONE,10,NMFS fall BTS,FALL,2014,8,0.0021,N,N
172735,UNIT,NONE,10,NMFS fall BTS,FALL,2014,9,0.0009,N,N
172735,UNIT,NONE,10,NMFS fall BTS,FALL,2014,10,0.0061,N,N
172735,UNIT,NONE,10,NMFS fall BTS,FALL,2015,0,0.1006,Y,N
172735,UNIT,NONE,10,NMFS fall BTS,FALL,2015,1,0.7592,Y,N
172735,UNIT,NONE,10,NMFS fall BTS,FALL,2015,2,0.8817,Y,N
172735,UNIT,NONE,10,NMFS fall BTS,FALL,2015,3,0.6131,Y,N
172735,UNIT,NONE,10,NMFS fall BTS,FALL,2015,4,0.3116,Y,N
172735,UNIT,NONE,10,NMFS fall BTS,FALL,2015,5,0.2059,Y,N
172735,UNIT,NONE,10,NMFS fall BTS,FALL,2015,6,0.0865,Y,N
172735,UNIT,NONE,10,NMFS fall BTS,FALL,2015,7,0.029,Y,N
172735,UNIT,NONE,10,NMFS fall BTS,FALL,2015,8,0.0104,Y,N
172735,UNIT,NONE,10,NMFS fall BTS,FALL,2015,9,0.004,Y,N
172735,UNIT,NONE,10,NMFS fall BTS,FALL,2015,10,0.0038,Y,N
172735,UNIT,NONE,10,NMFS fall BTS,FALL,2015,15,0.0056,Y,N
172735,UNIT,NONE,10,NMFS fall BTS,FALL,2016,0,0.0687,N,N
172735,UNIT,NONE,10,NMFS fall BTS,FALL,2016,1,0.3288,N,N
172735,UNIT,NONE,10,NMFS fall BTS,FALL,2016,2,0.6656,N,N
172735,UNIT,NONE,10,NMFS fall BTS,FALL,2016,3,0.5449,N,N
172735,UNIT,NONE,10,NMFS fall BTS,FALL,2016,4,0.2078,N,N
172735,UNIT,NONE,10,NMFS fall BTS,FALL,2016,5,0.1338,N,N
172735,UNIT,NONE,10,NMFS fall BTS,FALL,2016,6,0.0716,N,N
172735,UNIT,NONE,10,NMFS fall BTS,FALL,2016,7,0.059,N,N
172735,UNIT,NONE,10,NMFS fall BTS,FALL,2016,8,0.0038,N,N
172735,UNIT,NONE,10,NMFS fall BTS,FALL,2017,1,0.0603,Y,N
172735,UNIT,NONE,10,NMFS fall BTS,FALL,2018,0,0.2639,N,N
172735,UNIT,NONE,10,NMFS fall BTS,FALL,2018,1,0.4274,N,N
172735,UNIT,NONE,10,NMFS fall BTS,FALL,2018,2,0.4601,N,N
172735,UNIT,NONE,10,NMFS fall BTS,FALL,2018,3,0.2739,N,N
172735,UNIT,NONE,10,NMFS fall BTS,FALL,2018,4,0.2629,N,N
172735,UNIT,NONE,10,NMFS fall BTS,FALL,2018,5,0.1391,N,N
172735,UNIT,NONE,10,NMFS fall BTS,FALL,2018,6,0.0097,N,N
172735,UNIT,NONE,10,NMFS fall BTS,FALL,2018,7,0.0555,N,N
172735,UNIT,NONE,10,NMFS fall BTS,FALL,2018,8,0.0381,N,N
172735,UNIT,NONE,10,NMFS fall BTS,FALL,2018,9,0.0073,N,N
172735,UNIT,NONE,10,NMFS fall BTS,FALL,2018,10,0.0096,N,N
172735,UNIT,NONE,10,NMFS fall BTS,FALL,2018,11,0.0057,N,N
172735,UNIT,NONE,10,NMFS spring BTS,SPRING,1976,2,0.3082,N,Y
172735,UNIT,NONE,10,NMFS spring BTS,SPRING,1976,3,1.5597,N,Y
172735,UNIT,NONE,10,NMFS spring BTS,SPRING,1976,4,0.5963,N,Y
172735,UNIT,NONE,10,NMFS spring BTS,SPRING,1976,5,0.1518,N,Y
172735,UNIT,NONE,10,NMFS spring BTS,SPRING,1976,6,0.0136,N,Y
172735,UNIT,NONE,10,NMFS spring BTS,SPRING,1977,2,0.6096,N,Y
172735,UNIT,NONE,10,NMFS spring BTS,SPRING,1977,3,1.3252,N,Y
172735,UNIT,NONE,10,NMFS spring BTS,SPRING,1977,4,0.6889,N,Y
172735,UNIT,NONE,10,NMFS spring BTS,SPRING,1977,5,0.103,N,Y
172735,UNIT,NONE,10,NMFS spring BTS,SPRING,1977,6,0.0866,N,Y
172735,UNIT,NONE,10,NMFS spring BTS,SPRING,1977,7,0.0091,N,Y
172735,UNIT,NONE,10,NMFS spring BTS,SPRING,1977,9,0.0091,N,Y
172735,UNIT,NONE,10,NMFS spring BTS,SPRING,1978,2,0.6602,N,Y
172735,UNIT,NONE,10,NMFS spring BTS,SPRING,1978,3,0.9324,N,Y
172735,UNIT,NONE,10,NMFS spring BTS,SPRING,1978,4,0.6355,N,Y
172735,UNIT,NONE,10,NMFS spring BTS,SPRING,1978,5,0.189,N,Y
172735,UNIT,NONE,10,NMFS spring BTS,SPRING,1978,6,0.0425,N,Y
172735,UNIT,NONE,10,NMFS spring BTS,SPRING,1978,7,0.0193,N,Y
172735,UNIT,NONE,10,NMFS spring BTS,SPRING,1978,8,0.0213,N,Y
172735,UNIT,NONE,10,NMFS spring BTS,SPRING,1978,11,0.005,N,Y
172735,UNIT,NONE,10,NMFS spring BTS,SPRING,1978,12,0.001,N,Y
172735,UNIT,NONE,10,NMFS spring BTS,SPRING,1979,2,0.0417,N,Y
172735,UNIT,NONE,10,NMFS spring BTS,SPRING,1979,3,0.1733,N,Y
172735,UNIT,NONE,10,NMFS spring BTS,SPRING,1979,4,0.0796,N,Y
172735,UNIT,NONE,10,NMFS spring BTS,SPRING,1979,5,0.0311,N,Y
172735,UNIT,NONE,10,NMFS spring BTS,SPRING,1979,6,0.0236,N,Y
172735,UNIT,NONE,10,NMFS spring BTS,SPRING,1980,1,0.008,N,Y
172735,UNIT,NONE,10,NMFS spring BTS,SPRING,1980,2,0.7211,N,Y
172735,UNIT,NONE,10,NMFS spring BTS,SPRING,1980,3,0.2806,N,Y
172735,UNIT,NONE,10,NMFS spring BTS,SPRING,1980,4,0.1471,N,Y
172735,UNIT,NONE,10,NMFS spring BTS,SPRING,1980,5,0.0184,N,Y
172735,UNIT,NONE,10,NMFS spring BTS,SPRING,1980,6,0.0252,N,Y
172735,UNIT,NONE,10,NMFS spring BTS,SPRING,1980,7,0.0185,N,Y
172735,UNIT,NONE,10,NMFS spring BTS,SPRING,1981,1,0.823,N,Y
172735,UNIT,NONE,10,NMFS spring BTS,SPRING,1981,2,0.4722,N,Y
172735,UNIT,NONE,10,NMFS spring BTS,SPRING,1981,3,0.099,N,Y
172735,UNIT,NONE,10,NMFS spring BTS,SPRING,1981,4,0.0218,N,Y
172735,UNIT,NONE,10,NMFS spring BTS,SPRING,1981,5,0.0195,N,Y
172735,UNIT,NONE,10,NMFS spring BTS,SPRING,1981,6,0.0074,N,Y
172735,UNIT,NONE,10,NMFS spring BTS,SPRING,1981,7,0.0351,N,Y
172735,UNIT,NONE,10,NMFS spring BTS,SPRING,1982,1,0.682,N,Y
172735,UNIT,NONE,10,NMFS spring BTS,SPRING,1982,2,1.4171,N,Y
172735,UNIT,NONE,10,NMFS spring BTS,SPRING,1982,3,0.1186,N,Y
172735,UNIT,NONE,10,NMFS spring BTS,SPRING,1982,4,0.0185,N,Y
172735,UNIT,NONE,10,NMFS spring BTS,SPRING,1983,1,0.3099,N,Y
172735,UNIT,NONE,10,NMFS spring BTS,SPRING,1983,2,0.3831,N,Y
172735,UNIT,NONE,10,NMFS spring BTS,SPRING,1983,3,0.1756,N,Y
172735,UNIT,NONE,10,NMFS spring BTS,SPRING,1983,4,0.0421,N,Y
172735,UNIT,NONE,10,NMFS spring BTS,SPRING,1983,5,0.0107,N,Y
172735,UNIT,NONE,10,NMFS spring BTS,SPRING,1983,9,0.0115,N,Y
172735,UNIT,NONE,10,NMFS spring BTS,SPRING,1984,1,0.1655,N,Y
172735,UNIT,NONE,10,NMFS spring BTS,SPRING,1984,2,0.3327,N,Y
172735,UNIT,NONE,10,NMFS spring BTS,SPRING,1984,3,0.0409,N,Y
172735,UNIT,NONE,10,NMFS spring BTS,SPRING,1984,4,0.0432,N,Y
172735,UNIT,NONE,10,NMFS spring BTS,SPRING,1984,7,0.0062,N,Y
172735,UNIT,NONE,10,NMFS spring BTS,SPRING,1985,1,0.5545,N,Y
172735,UNIT,NONE,10,NMFS spring BTS,SPRING,1985,2,1.5355,N,Y
172735,UNIT,NONE,10,NMFS spring BTS,SPRING,1985,3,0.2079,N,Y
172735,UNIT,NONE,10,NMFS spring BTS,SPRING,1985,4,0.0417,N,Y
172735,UNIT,NONE,10,NMFS spring BTS,SPRING,1985,5,0.0075,N,Y
172735,UNIT,NONE,10,NMFS spring BTS,SPRING,1986,1,1.4723,N,Y
172735,UNIT,NONE,10,NMFS spring BTS,SPRING,1986,2,0.4287,N,Y
172735,UNIT,NONE,10,NMFS spring BTS,SPRING,1986,3,0.1977,N,Y
172735,UNIT,NONE,10,NMFS spring BTS,SPRING,1986,4,0.0062,N,Y
172735,UNIT,NONE,10,NMFS spring BTS,SPRING,1986,5,0.0092,N,Y
172735,UNIT,NONE,10,NMFS spring BTS,SPRING,1987,1,0.4008,N,Y
172735,UNIT,NONE,10,NMFS spring BTS,SPRING,1987,2,0.4218,N,Y
172735,UNIT,NONE,10,NMFS spring BTS,SPRING,1987,3,0.0203,N,Y
172735,UNIT,NONE,10,NMFS spring BTS,SPRING,1987,4,0.0051,N,Y
172735,UNIT,NONE,10,NMFS spring BTS,SPRING,1988,1,0.583,N,N
172735,UNIT,NONE,10,NMFS spring BTS,SPRING,1988,2,0.7945,N,N
172735,UNIT,NONE,10,NMFS spring BTS,SPRING,1988,3,0.0686,N,N
172735,UNIT,NONE,10,NMFS spring BTS,SPRING,1988,4,0.0215,N,N
172735,UNIT,NONE,10,NMFS spring BTS,SPRING,1989,1,0.0462,N,Y
172735,UNIT,NONE,10,NMFS spring BTS,SPRING,1989,2,0.2112,N,Y
172735,UNIT,NONE,10,NMFS spring BTS,SPRING,1989,3,0.0238,N,Y
172735,UNIT,NONE,10,NMFS spring BTS,SPRING,1989,4,0.0115,N,Y
172735,UNIT,NONE,10,NMFS spring BTS,SPRING,1990,1,0.6076,N,Y
172735,UNIT,NONE,10,NMFS spring BTS,SPRING,1990,2,0.0305,N,Y
172735,UNIT,NONE,10,NMFS spring BTS,SPRING,1990,3,0.0645,N,Y
172735,UNIT,NONE,10,NMFS spring BTS,SPRING,1991,1,0.7846,N,Y
172735,UNIT,NONE,10,NMFS spring BTS,SPRING,1991,2,0.2734,N,Y
172735,UNIT,NONE,10,NMFS spring BTS,SPRING,1991,4,0.0171,N,Y
172735,UNIT,NONE,10,NMFS spring BTS,SPRING,1992,1,0.7636,Y,N
172735,UNIT,NONE,10,NMFS spring BTS,SPRING,1992,2,0.4184,Y,N
172735,UNIT,NONE,10,NMFS spring BTS,SPRING,1992,3,0.0093,Y,N
172735,UNIT,NONE,10,NMFS spring BTS,SPRING,1992,5,0.0116,Y,N
172735,UNIT,NONE,10,NMFS spring BTS,SPRING,1993,1,0.7293,Y,N
172735,UNIT,NONE,10,NMFS spring BTS,SPRING,1993,2,0.5051,Y,N
172735,UNIT,NONE,10,NMFS spring BTS,SPRING,1993,3,0.0397,Y,N
172735,UNIT,NONE,10,NMFS spring BTS,SPRING,1994,1,0.3532,Y,N
172735,UNIT,NONE,10,NMFS spring BTS,SPRING,1994,2,0.5258,Y,N
172735,UNIT,NONE,10,NMFS spring BTS,SPRING,1994,3,0.0405,Y,N
172735,UNIT,NONE,10,NMFS spring BTS,SPRING,1994,4,0.0109,Y,N
172735,UNIT,NONE,10,NMFS spring BTS,SPRING,1995,1,0.7889,Y,Y
172735,UNIT,NONE,10,NMFS spring BTS,SPRING,1995,2,0.2703,Y,Y
172735,UNIT,NONE,10,NMFS spring BTS,SPRING,1995,3,0.0169,Y,Y
172735,UNIT,NONE,10,NMFS spring BTS,SPRING,1995,7,0.0114,Y,Y
172735,UNIT,NONE,10,NMFS spring BTS,SPRING,1996,1,1.0782,N,Y
172735,UNIT,NONE,10,NMFS spring BTS,SPRING,1996,2,0.5917,N,Y
172735,UNIT,NONE,10,NMFS spring BTS,SPRING,1996,3,0.127,N,Y
172735,UNIT,NONE,10,NMFS spring BTS,SPRING,1997,1,0.2859,N,N
172735,UNIT,NONE,10,NMFS spring BTS,SPRING,1997,2,0.6616,N,N
172735,UNIT,NONE,10,NMFS spring BTS,SPRING,1997,3,0.0921,N,N
172735,UNIT,NONE,10,NMFS spring BTS,SPRING,1997,4,0.0142,N,N
172735,UNIT,NONE,10,NMFS spring BTS,SPRING,1998,1,0.2685,N,N
172735,UNIT,NONE,10,NMFS spring BTS,SPRING,1998,2,0.5207,N,N
172735,UNIT,NONE,10,NMFS spring BTS,SPRING,1998,3,0.3141,N,N
172735,UNIT,NONE,10,NMFS spring BTS,SPRING,1998,4,0.0622,N,N
172735,UNIT,NONE,10,NMFS spring BTS,SPRING,1998,5,0.008,N,N
172735,UNIT,NONE,10,NMFS spring BTS,SPRING,1998,6,0.0016,N,N
172735,UNIT,NONE,10,NMFS spring BTS,SPRING,1999,1,0.2238,Y,Y
172735,UNIT,NONE,10,NMFS spring BTS,SPRING,1999,2,0.7381,Y,Y
172735,UNIT,NONE,10,NMFS spring BTS,SPRING,1999,3,0.4852,Y,Y
172735,UNIT,NONE,10,NMFS spring BTS,SPRING,1999,4,0.1256,Y,Y
172735,UNIT,NONE,10,NMFS spring BTS,SPRING,1999,5,0.0188,Y,Y
172735,UNIT,NONE,10,NMFS spring BTS,SPRING,1999,6,0.0066,Y,Y
172735,UNIT,NONE,10,NMFS spring BTS,SPRING,2000,1,0.1858,Y,Y
172735,UNIT,NONE,10,NMFS spring BTS,SPRING,2000,2,1.029,Y,Y
172735,UNIT,NONE,10,NMFS spring BTS,SPRING,2000,3,0.6324,Y,Y
172735,UNIT,NONE,10,NMFS spring BTS,SPRING,2000,4,0.1148,Y,Y
172735,UNIT,NONE,10,NMFS spring BTS,SPRING,2000,5,0.1519,Y,Y
172735,UNIT,NONE,10,NMFS spring BTS,SPRING,2000,6,0.024,Y,Y
172735,UNIT,NONE,10,NMFS spring BTS,SPRING,2001,1,0.4818,Y,Y
172735,UNIT,NONE,10,NMFS spring BTS,SPRING,2001,2,0.8867,Y,Y
172735,UNIT,NONE,10,NMFS spring BTS,SPRING,2001,3,1.0163,Y,Y
172735,UNIT,NONE,10,NMFS spring BTS,SPRING,2001,4,0.2058,Y,Y
172735,UNIT,NONE,10,NMFS spring BTS,SPRING,2001,5,0.0472,Y,Y
172735,UNIT,NONE,10,NMFS spring BTS,SPRING,2001,6,0.0421,Y,Y
172735,UNIT,NONE,10,NMFS spring BTS,SPRING,2001,7,0.0106,Y,Y
172735,UNIT,NONE,10,NMFS spring BTS,SPRING,2002,1,0.3372,N,Y
172735,UNIT,NONE,10,NMFS spring BTS,SPRING,2002,2,0.8926,N,Y
172735,UNIT,NONE,10,NMFS spring BTS,SPRING,2002,3,0.7444,N,Y
172735,UNIT,NONE,10,NMFS spring BTS,SPRING,2002,4,0.3117,N,Y
172735,UNIT,NONE,10,NMFS spring BTS,SPRING,2002,5,0.0956,N,Y
172735,UNIT,NONE,10,NMFS spring BTS,SPRING,2002,6,0.0331,N,Y
172735,UNIT,NONE,10,NMFS spring BTS,SPRING,2002,7,0.0331,N,Y
172735,UNIT,NONE,10,NMFS spring BTS,SPRING,2002,8,0.0122,N,Y
172735,UNIT,NONE,10,NMFS spring BTS,SPRING,2003,1,0.5412,Y,Y
172735,UNIT,NONE,10,NMFS spring BTS,SPRING,2003,2,1.2903,Y,Y
172735,UNIT,NONE,10,NMFS spring BTS,SPRING,2003,3,0.5904,Y,Y
172735,UNIT,NONE,10,NMFS spring BTS,SPRING,2003,4,0.2852,Y,Y
172735,UNIT,NONE,10,NMFS spring BTS,SPRING,2003,5,0.1259,Y,Y
172735,UNIT,NONE,10,NMFS spring BTS,SPRING,2003,6,0.0588,Y,Y
172735,UNIT,NONE,10,NMFS spring BTS,SPRING,2003,7,0.0122,Y,Y
172735,UNIT,NONE,10,NMFS spring BTS,SPRING,2003,8,0.0071,Y,Y
172735,UNIT,NONE,10,NMFS spring BTS,SPRING,2004,1,0.3004,Y,Y
172735,UNIT,NONE,10,NMFS spring BTS,SPRING,2004,2,1.4546,Y,Y
172735,UNIT,NONE,10,NMFS spring BTS,SPRING,2004,3,0.8504,Y,Y
172735,UNIT,NONE,10,NMFS spring BTS,SPRING,2004,4,0.2699,Y,Y
172735,UNIT,NONE,10,NMFS spring BTS,SPRING,2004,5,0.0517,Y,Y
172735,UNIT,NONE,10,NMFS spring BTS,SPRING,2004,6,0.0635,Y,Y
172735,UNIT,NONE,10,NMFS spring BTS,SPRING,2004,7,0.0355,Y,Y
172735,UNIT,NONE,10,NMFS spring BTS,SPRING,2005,1,0.2595,Y,Y
172735,UNIT,NONE,10,NMFS spring BTS,SPRING,2005,2,0.6473,Y,Y
172735,UNIT,NONE,10,NMFS spring BTS,SPRING,2005,3,0.5828,Y,Y
172735,UNIT,NONE,10,NMFS spring BTS,SPRING,2005,4,0.145,Y,Y
172735,UNIT,NONE,10,NMFS spring BTS,SPRING,2005,5,0.1044,Y,Y
172735,UNIT,NONE,10,NMFS spring BTS,SPRING,2005,6,0.0449,Y,Y
172735,UNIT,NONE,10,NMFS spring BTS,SPRING,2005,7,0.0236,Y,Y
172735,UNIT,NONE,10,NMFS spring BTS,SPRING,2005,11,0.0015,Y,Y
172735,UNIT,NONE,10,NMFS spring BTS,SPRING,2006,1,0.0446,Y,N
172735,UNIT,NONE,10,NMFS spring BTS,SPRING,2006,2,1.0416,Y,N
172735,UNIT,NONE,10,NMFS spring BTS,SPRING,2006,3,0.2284,Y,N
172735,UNIT,NONE,10,NMFS spring BTS,SPRING,2006,4,0.2475,Y,N
172735,UNIT,NONE,10,NMFS spring BTS,SPRING,2006,5,0.0863,Y,N
172735,UNIT,NONE,10,NMFS spring BTS,SPRING,2006,6,0.0637,Y,N
172735,UNIT,NONE,10,NMFS spring BTS,SPRING,2006,7,0.023,Y,N
172735,UNIT,NONE,10,NMFS spring BTS,SPRING,2006,8,0.0107,Y,N
172735,UNIT,NONE,10,NMFS spring BTS,SPRING,2006,10,0.0092,Y,N
172735,UNIT,NONE,10,NMFS spring BTS,SPRING,2006,11,0.0087,Y,N
172735,UNIT,NONE,10,NMFS spring BTS,SPRING,2007,1,0.238,Y,Y
172735,UNIT,NONE,10,NMFS spring BTS,SPRING,2007,2,0.5167,Y,Y
172735,UNIT,NONE,10,NMFS spring BTS,SPRING,2007,3,1.4624,Y,Y
172735,UNIT,NONE,10,NMFS spring BTS,SPRING,2007,4,0.5678,Y,Y
172735,UNIT,NONE,10,NMFS spring BTS,SPRING,2007,5,0.1781,Y,Y
172735,UNIT,NONE,10,NMFS spring BTS,SPRING,2007,6,0.1346,Y,Y
172735,UNIT,NONE,10,NMFS spring BTS,SPRING,2007,7,0.0701,Y,Y
172735,UNIT,NONE,10,NMFS spring BTS,SPRING,2007,8,0.0393,Y,Y
172735,UNIT,NONE,10,NMFS spring BTS,SPRING,2007,9,0.0064,Y,Y
172735,UNIT,NONE,10,NMFS spring BTS,SPRING,2007,10,0.0187,Y,Y
172735,UNIT,NONE,10,NMFS spring BTS,SPRING,2007,12,0.0148,Y,Y
172735,UNIT,NONE,10,NMFS spring BTS,SPRING,2008,1,0.2182,Y,Y
172735,UNIT,NONE,10,NMFS spring BTS,SPRING,2008,2,0.3498,Y,Y
172735,UNIT,NONE,10,NMFS spring BTS,SPRING,2008,3,0.3114,Y,Y
172735,UNIT,NONE,10,NMFS spring BTS,SPRING,2008,4,0.289,Y,Y
172735,UNIT,NONE,10,NMFS spring BTS,SPRING,2008,5,0.1129,Y,Y
172735,UNIT,NONE,10,NMFS spring BTS,SPRING,2008,6,0.0923,Y,Y
172735,UNIT,NONE,10,NMFS spring BTS,SPRING,2008,7,0.0232,Y,Y
172735,UNIT,NONE,10,NMFS spring BTS,SPRING,2009,1,0.7213,Y,N
172735,UNIT,NONE,10,NMFS spring BTS,SPRING,2009,2,0.8963,Y,N
172735,UNIT,NONE,10,NMFS spring BTS,SPRING,2009,3,0.6192,Y,N
172735,UNIT,NONE,10,NMFS spring BTS,SPRING,2009,4,0.3108,Y,N
172735,UNIT,NONE,10,NMFS spring BTS,SPRING,2009,5,0.195,Y,N
172735,UNIT,NONE,10,NMFS spring BTS,SPRING,2009,6,0.0508,Y,N
172735,UNIT,NONE,10,NMFS spring BTS,SPRING,2009,7,0.0205,Y,N
172735,UNIT,NONE,10,NMFS spring BTS,SPRING,2009,8,0.0119,Y,N
172735,UNIT,NONE,10,NMFS spring BTS,SPRING,2009,9,0.0061,Y,N
172735,UNIT,NONE,10,NMFS spring BTS,SPRING,2009,10,0.0022,Y,N
172735,UNIT,NONE,10,NMFS spring BTS,SPRING,2010,1,0.953,Y,Y
172735,UNIT,NONE,10,NMFS spring BTS,SPRING,2010,2,1.0899,Y,Y
172735,UNIT,NONE,10,NMFS spring BTS,SPRING,2010,3,0.8376,Y,Y
172735,UNIT,NONE,10,NMFS spring BTS,SPRING,2010,4,0.4905,Y,Y
172735,UNIT,NONE,10,NMFS spring BTS,SPRING,2010,5,0.2366,Y,Y
172735,UNIT,NONE,10,NMFS spring BTS,SPRING,2010,6,0.0941,Y,Y
172735,UNIT,NONE,10,NMFS spring BTS,SPRING,2010,7,0.0466,Y,Y
172735,UNIT,NONE,10,NMFS spring BTS,SPRING,2010,8,0.0233,Y,Y
172735,UNIT,NONE,10,NMFS spring BTS,SPRING,2010,9,0.0071,Y,Y
172735,UNIT,NONE,10,NMFS spring BTS,SPRING,2010,10,0.0033,Y,Y
172735,UNIT,NONE,10,NMFS spring BTS,SPRING,2010,11,0.0009,Y,Y
172735,UNIT,NONE,10,NMFS spring BTS,SPRING,2010,12,0.0013,Y,Y
172735,UNIT,NONE,10,NMFS spring BTS,SPRING,2011,1,0.7155,Y,Y
172735,UNIT,NONE,10,NMFS spring BTS,SPRING,2011,2,1.4314,Y,Y
172735,UNIT,NONE,10,NMFS spring BTS,SPRING,2011,3,1.2491,Y,Y
172735,UNIT,NONE,10,NMFS spring BTS,SPRING,2011,4,0.5646,Y,Y
172735,UNIT,NONE,10,NMFS spring BTS,SPRING,2011,5,0.3217,Y,Y
172735,UNIT,NONE,10,NMFS spring BTS,SPRING,2011,6,0.0784,Y,Y
172735,UNIT,NONE,10,NMFS spring BTS,SPRING,2011,7,0.0353,Y,Y
172735,UNIT,NONE,10,NMFS spring BTS,SPRING,2011,8,0.0255,Y,Y
172735,UNIT,NONE,10,NMFS spring BTS,SPRING,2011,9,0.0144,Y,Y
172735,UNIT,NONE,10,NMFS spring BTS,SPRING,2011,10,0.0125,Y,Y
172735,UNIT,NONE,10,NMFS spring BTS,SPRING,2011,11,0.0001,Y,Y
172735,UNIT,NONE,10,NMFS spring BTS,SPRING,2012,1,0.242,Y,Y
172735,UNIT,NONE,10,NMFS spring BTS,SPRING,2012,2,0.6234,Y,Y
172735,UNIT,NONE,10,NMFS spring BTS,SPRING,2012,3,1.5151,Y,Y
172735,UNIT,NONE,10,NMFS spring BTS,SPRING,2012,4,0.7804,Y,Y
172735,UNIT,NONE,10,NMFS spring BTS,SPRING,2012,5,0.3057,Y,Y
172735,UNIT,NONE,10,NMFS spring BTS,SPRING,2012,6,0.1175,Y,Y
172735,UNIT,NONE,10,NMFS spring BTS,SPRING,2012,7,0.0431,Y,Y
172735,UNIT,NONE,10,NMFS spring BTS,SPRING,2012,8,0.021,Y,Y
172735,UNIT,NONE,10,NMFS spring BTS,SPRING,2012,9,0.0076,Y,Y
172735,UNIT,NONE,10,NMFS spring BTS,SPRING,2012,10,0.0059,Y,Y
172735,UNIT,NONE,10,NMFS spring BTS,SPRING,2012,11,0.0038,Y,Y
172735,UNIT,NONE,10,NMFS spring BTS,SPRING,2013,1,0.3378,Y,Y
172735,UNIT,NONE,10,NMFS spring BTS,SPRING,2013,2,0.4334,Y,Y
172735,UNIT,NONE,10,NMFS spring BTS,SPRING,2013,3,0.811,Y,Y
172735,UNIT,NONE,10,NMFS spring BTS,SPRING,2013,4,0.9884,Y,Y
172735,UNIT,NONE,10,NMFS spring BTS,SPRING,2013,5,0.2867,Y,Y
172735,UNIT,NONE,10,NMFS spring BTS,SPRING,2013,6,0.1097,Y,Y
172735,UNIT,NONE,10,NMFS spring BTS,SPRING,2013,7,0.0354,Y,Y
172735,UNIT,NONE,10,NMFS spring BTS,SPRING,2013,8,0.0179,Y,Y
172735,UNIT,NONE,10,NMFS spring BTS,SPRING,2013,9,0.0047,Y,Y
172735,UNIT,NONE,10,NMFS spring BTS,SPRING,2013,10,0.0009,Y,Y
172735,UNIT,NONE,10,NMFS spring BTS,SPRING,2013,11,0.0027,Y,Y
172735,UNIT,NONE,10,NMFS spring BTS,SPRING,2013,12,0.0021,Y,Y
172735,UNIT,NONE,10,NMFS spring BTS,SPRING,2014,1,0.2142,Y,N
172735,UNIT,NONE,10,NMFS spring BTS,SPRING,2014,2,0.3692,Y,N
172735,UNIT,NONE,10,NMFS spring BTS,SPRING,2014,3,0.5349,Y,N
172735,UNIT,NONE,10,NMFS spring BTS,SPRING,2014,4,0.624,Y,N
172735,UNIT,NONE,10,NMFS spring BTS,SPRING,2014,5,0.4134,Y,N
172735,UNIT,NONE,10,NMFS spring BTS,SPRING,2014,6,0.0644,Y,N
172735,UNIT,NONE,10,NMFS spring BTS,SPRING,2014,7,0.0301,Y,N
172735,UNIT,NONE,10,NMFS spring BTS,SPRING,2014,8,0.0072,Y,N
172735,UNIT,NONE,10,NMFS spring BTS,SPRING,2014,9,0.0051,Y,N
172735,UNIT,NONE,10,NMFS spring BTS,SPRING,2014,10,0.0011,Y,N
172735,UNIT,NONE,10,NMFS spring BTS,SPRING,2014,11,0.0005,Y,N
172735,UNIT,NONE,10,NMFS spring BTS,SPRING,2014,12,0.0015,Y,N
172735,UNIT,NONE,10,NMFS spring BTS,SPRING,2015,1,1.2321,N,Y
172735,UNIT,NONE,10,NMFS spring BTS,SPRING,2015,2,1.0773,N,Y
172735,UNIT,NONE,10,NMFS spring BTS,SPRING,2015,3,0.8353,N,Y
172735,UNIT,NONE,10,NMFS spring BTS,SPRING,2015,4,0.4786,N,Y
172735,UNIT,NONE,10,NMFS spring BTS,SPRING,2015,5,0.268,N,Y
172735,UNIT,NONE,10,NMFS spring BTS,SPRING,2015,6,0.1601,N,Y
172735,UNIT,NONE,10,NMFS spring BTS,SPRING,2015,7,0.0769,N,Y
172735,UNIT,NONE,10,NMFS spring BTS,SPRING,2015,8,0.0328,N,Y
172735,UNIT,NONE,10,NMFS spring BTS,SPRING,2015,9,0.0106,N,Y
172735,UNIT,NONE,10,NMFS spring BTS,SPRING,2015,10,0.01,N,Y
172735,UNIT,NONE,10,NMFS spring BTS,SPRING,2015,11,0.0058,N,Y
172735,UNIT,NONE,10,NMFS spring BTS,SPRING,2015,12,0.0035,N,Y
172735,UNIT,NONE,10,NMFS spring BTS,SPRING,2015,14,0.0026,N,Y
172735,UNIT,NONE,10,NMFS spring BTS,SPRING,2015,15,0.0047,N,Y
172735,UNIT,NONE,10,NMFS spring BTS,SPRING,2016,1,0.0949,Y,Y
172735,UNIT,NONE,10,NMFS spring BTS,SPRING,2016,2,0.3853,Y,Y
172735,UNIT,NONE,10,NMFS spring BTS,SPRING,2016,3,0.5074,Y,Y
172735,UNIT,NONE,10,NMFS spring BTS,SPRING,2016,4,0.3817,Y,Y
172735,UNIT,NONE,10,NMFS spring BTS,SPRING,2016,5,0.1666,Y,Y
172735,UNIT,NONE,10,NMFS spring BTS,SPRING,2016,6,0.1096,Y,Y
172735,UNIT,NONE,10,NMFS spring BTS,SPRING,2016,7,0.0963,Y,Y
172735,UNIT,NONE,10,NMFS spring BTS,SPRING,2016,8,0.0519,Y,Y
172735,UNIT,NONE,10,NMFS spring BTS,SPRING,2016,9,0.0138,Y,Y
172735,UNIT,NONE,10,NMFS spring BTS,SPRING,2016,10,0.0054,Y,Y
172735,UNIT,NONE,10,NMFS spring BTS,SPRING,2016,14,0.0018,Y,Y
172735,UNIT,NONE,10,NMFS spring BTS,SPRING,2017,1,0.2938,N,Y
172735,UNIT,NONE,10,NMFS spring BTS,SPRING,2017,2,0.5135,N,Y
172735,UNIT,NONE,10,NMFS spring BTS,SPRING,2017,3,0.466,N,Y
172735,UNIT,NONE,10,NMFS spring BTS,SPRING,2017,4,0.1853,N,Y
172735,UNIT,NONE,10,NMFS spring BTS,SPRING,2017,5,0.1331,N,Y
172735,UNIT,NONE,10,NMFS spring BTS,SPRING,2017,6,0.0721,N,Y
172735,UNIT,NONE,10,NMFS spring BTS,SPRING,2017,7,0.0608,N,Y
172735,UNIT,NONE,10,NMFS spring BTS,SPRING,2017,8,0.0377,N,Y
172735,UNIT,NONE,10,NMFS spring BTS,SPRING,2017,9,0.0184,N,Y
172735,UNIT,NONE,10,NMFS spring BTS,SPRING,2017,10,0.0187,N,Y
172735,UNIT,NONE,10,NMFS spring BTS,SPRING,2017,13,0.0019,N,Y
172735,UNIT,NONE,10,NMFS spring BTS,SPRING,2018,1,0.4697,N,Y
172735,UNIT,NONE,10,NMFS spring BTS,SPRING,2018,2,0.665,N,Y
172735,UNIT,NONE,10,NMFS spring BTS,SPRING,2018,3,0.4905,N,Y
172735,UNIT,NONE,10,NMFS spring BTS,SPRING,2018,4,0.343,N,Y
172735,UNIT,NONE,10,NMFS spring BTS,SPRING,2018,5,0.22,N,Y
172735,UNIT,NONE,10,NMFS spring BTS,SPRING,2018,6,0.1356,N,Y
172735,UNIT,NONE,10,NMFS spring BTS,SPRING,2018,7,0.0715,N,Y
172735,UNIT,NONE,10,NMFS spring BTS,SPRING,2018,8,0.0673,N,Y
172735,UNIT,NONE,10,NMFS spring BTS,SPRING,2018,9,0.0307,N,Y
172735,UNIT,NONE,10,NMFS spring BTS,SPRING,2018,10,0.0143,N,Y
172735,UNIT,NONE,10,NMFS spring BTS,SPRING,2018,13,0.004,N,Y
172735,UNIT,NONE,10,NMFS spring BTS,SPRING,2018,14,0.0064,N,Y
172735,UNIT,NONE,10,NMFS winter BTS,WINTER,1992,1,7.1421,N,N
172735,UNIT,NONE,10,NMFS winter BTS,WINTER,1992,2,4.7429,N,N
172735,UNIT,NONE,10,NMFS winter BTS,WINTER,1992,3,0.3258,N,N
172735,UNIT,NONE,10,NMFS winter BTS,WINTER,1992,4,0.0372,N,N
172735,UNIT,NONE,10,NMFS winter BTS,WINTER,1992,5,0.0094,N,N
172735,UNIT,NONE,10,NMFS winter BTS,WINTER,1992,6,0.0253,N,N
172735,UNIT,NONE,10,NMFS winter BTS,WINTER,1993,1,6.4951,Y,N
172735,UNIT,NONE,10,NMFS winter BTS,WINTER,1993,2,6.7037,Y,N
172735,UNIT,NONE,10,NMFS winter BTS,WINTER,1993,3,0.3143,Y,N
172735,UNIT,NONE,10,NMFS winter BTS,WINTER,1993,4,0.0502,Y,N
172735,UNIT,NONE,10,NMFS winter BTS,WINTER,1993,5,0.0175,Y,N
172735,UNIT,NONE,10,NMFS winter BTS,WINTER,1993,6,0.0228,Y,N
172735,UNIT,NONE,10,NMFS winter BTS,WINTER,1994,1,3.7079,Y,N
172735,UNIT,NONE,10,NMFS winter BTS,WINTER,1994,2,7.2768,Y,N
172735,UNIT,NONE,10,NMFS winter BTS,WINTER,1994,3,0.8144,Y,N
172735,UNIT,NONE,10,NMFS winter BTS,WINTER,1994,4,0.2415,Y,N
172735,UNIT,NONE,10,NMFS winter BTS,WINTER,1994,7,0.0099,Y,N
172735,UNIT,NONE,10,NMFS winter BTS,WINTER,1995,1,6.0661,Y,Y
172735,UNIT,NONE,10,NMFS winter BTS,WINTER,1995,2,4.5907,Y,Y
172735,UNIT,NONE,10,NMFS winter BTS,WINTER,1995,3,0.2549,Y,Y
172735,UNIT,NONE,10,NMFS winter BTS,WINTER,1995,4,0.0181,Y,Y
172735,UNIT,NONE,10,NMFS winter BTS,WINTER,1996,1,22.1675,Y,Y
172735,UNIT,NONE,10,NMFS winter BTS,WINTER,1996,2,8.3323,Y,Y
172735,UNIT,NONE,10,NMFS winter BTS,WINTER,1996,3,0.5949,Y,Y
172735,UNIT,NONE,10,NMFS winter BTS,WINTER,1996,4,0.1228,Y,Y
172735,UNIT,NONE,10,NMFS winter BTS,WINTER,1996,5,0.0284,Y,Y
172735,UNIT,NONE,10,NMFS winter BTS,WINTER,1997,1,3.8635,Y,Y
172735,UNIT,NONE,10,NMFS winter BTS,WINTER,1997,2,4.8022,Y,Y
172735,UNIT,NONE,10,NMFS winter BTS,WINTER,1997,3,1.0357,Y,Y
172735,UNIT,NONE,10,NMFS winter BTS,WINTER,1997,4,0.4288,Y,Y
172735,UNIT,NONE,10,NMFS winter BTS,WINTER,1997,5,0.1158,Y,Y
172735,UNIT,NONE,10,NMFS winter BTS,WINTER,1997,6,0.0372,Y,Y
172735,UNIT,NONE,10,NMFS winter BTS,WINTER,1998,1,1.6793,Y,Y
172735,UNIT,NONE,10,NMFS winter BTS,WINTER,1998,2,3.2539,Y,Y
172735,UNIT,NONE,10,NMFS winter BTS,WINTER,1998,3,2.2865,Y,Y
172735,UNIT,NONE,10,NMFS winter BTS,WINTER,1998,4,0.4235,Y,Y
172735,UNIT,NONE,10,NMFS winter BTS,WINTER,1998,5,0.1019,Y,Y
172735,UNIT,NONE,10,NMFS winter BTS,WINTER,1998,6,0.0058,Y,Y
172735,UNIT,NONE,10,NMFS winter BTS,WINTER,1998,10,0.0053,Y,Y
172735,UNIT,NONE,10,NMFS winter BTS,WINTER,1999,1,2.1086,Y,Y
172735,UNIT,NONE,10,NMFS winter BTS,WINTER,1999,2,4.7971,Y,Y
172735,UNIT,NONE,10,NMFS winter BTS,WINTER,1999,3,2.8961,Y,Y
172735,UNIT,NONE,10,NMFS winter BTS,WINTER,1999,4,0.8444,Y,Y
172735,UNIT,NONE,10,NMFS winter BTS,WINTER,1999,5,0.2762,Y,Y
172735,UNIT,NONE,10,NMFS winter BTS,WINTER,1999,6,0.0638,Y,Y
172735,UNIT,NONE,10,NMFS winter BTS,WINTER,1999,7,0.0421,Y,Y
172735,UNIT,NONE,10,NMFS winter BTS,WINTER,1999,8,0.017,Y,Y
172735,UNIT,NONE,10,NMFS winter BTS,WINTER,1999,10,0.0096,Y,Y
172735,UNIT,NONE,10,NMFS winter BTS,WINTER,2000,1,0.7043,Y,N
172735,UNIT,NONE,10,NMFS winter BTS,WINTER,2000,2,6.5162,Y,N
172735,UNIT,NONE,10,NMFS winter BTS,WINTER,2000,3,4.9606,Y,N
172735,UNIT,NONE,10,NMFS winter BTS,WINTER,2000,4,2.5061,Y,N
172735,UNIT,NONE,10,NMFS winter BTS,WINTER,2000,5,0.7779,Y,N
172735,UNIT,NONE,10,NMFS winter BTS,WINTER,2000,6,0.1728,Y,N
172735,UNIT,NONE,10,NMFS winter BTS,WINTER,2000,7,0.0752,Y,N
172735,UNIT,NONE,10,NMFS winter BTS,WINTER,2000,8,0.0391,Y,N
172735,UNIT,NONE,10,NMFS winter BTS,WINTER,2000,9,0.0068,Y,N
172735,UNIT,NONE,10,NMFS winter BTS,WINTER,2001,1,3.0756,Y,Y
172735,UNIT,NONE,10,NMFS winter BTS,WINTER,2001,2,5.338,Y,Y
172735,UNIT,NONE,10,NMFS winter BTS,WINTER,2001,3,6.4252,Y,Y
172735,UNIT,NONE,10,NMFS winter BTS,WINTER,2001,4,2.42,Y,Y
172735,UNIT,NONE,10,NMFS winter BTS,WINTER,2001,5,0.7961,Y,Y
172735,UNIT,NONE,10,NMFS winter BTS,WINTER,2001,6,0.376,Y,Y
172735,UNIT,NONE,10,NMFS winter BTS,WINTER,2001,7,0.0857,Y,Y
172735,UNIT,NONE,10,NMFS winter BTS,WINTER,2001,8,0.0467,Y,Y
172735,UNIT,NONE,10,NMFS winter BTS,WINTER,2001,9,0.0127,Y,Y
172735,UNIT,NONE,10,NMFS winter BTS,WINTER,2001,11,0.0068,Y,Y
172735,UNIT,NONE,10,NMFS winter BTS,WINTER,2001,12,0.006,Y,Y
172735,UNIT,NONE,10,NMFS winter BTS,WINTER,2002,1,2.766,Y,N
172735,UNIT,NONE,10,NMFS winter BTS,WINTER,2002,2,10.7456,Y,N
172735,UNIT,NONE,10,NMFS winter BTS,WINTER,2002,3,5.5784,Y,N
172735,UNIT,NONE,10,NMFS winter BTS,WINTER,2002,4,2.2605,Y,N
172735,UNIT,NONE,10,NMFS winter BTS,WINTER,2002,5,0.8529,Y,N
172735,UNIT,NONE,10,NMFS winter BTS,WINTER,2002,6,0.3202,Y,N
172735,UNIT,NONE,10,NMFS winter BTS,WINTER,2002,7,0.1259,Y,N
172735,UNIT,NONE,10,NMFS winter BTS,WINTER,2002,8,0.0178,Y,N
172735,UNIT,NONE,10,NMFS winter BTS,WINTER,2002,9,0.0152,Y,N
172735,UNIT,NONE,10,NMFS winter BTS,WINTER,2003,1,8.1658,Y,N
172735,UNIT,NONE,10,NMFS winter BTS,WINTER,2003,2,14.3555,Y,N
172735,UNIT,NONE,10,NMFS winter BTS,WINTER,2003,3,8.4762,Y,N
172735,UNIT,NONE,10,NMFS winter BTS,WINTER,2003,4,2.6682,Y,N
172735,UNIT,NONE,10,NMFS winter BTS,WINTER,2003,5,1.0421,Y,N
172735,UNIT,NONE,10,NMFS winter BTS,WINTER,2003,6,0.3847,Y,N
172735,UNIT,NONE,10,NMFS winter BTS,WINTER,2003,7,0.316,Y,N
172735,UNIT,NONE,10,NMFS winter BTS,WINTER,2003,8,0.1445,Y,N
172735,UNIT,NONE,10,NMFS winter BTS,WINTER,2003,9,0.0533,Y,N
172735,UNIT,NONE,10,NMFS winter BTS,WINTER,2003,11,0.0131,Y,N
172735,UNIT,NONE,10,NMFS winter BTS,WINTER,2004,1,1.4534,Y,N
172735,UNIT,NONE,10,NMFS winter BTS,WINTER,2004,2,8.6836,Y,N
172735,UNIT,NONE,10,NMFS winter BTS,WINTER,2004,3,4.5641,Y,N
172735,UNIT,NONE,10,NMFS winter BTS,WINTER,2004,4,1.6387,Y,N
172735,UNIT,NONE,10,NMFS winter BTS,WINTER,2004,5,0.6177,Y,N
172735,UNIT,NONE,10,NMFS winter BTS,WINTER,2004,6,0.4109,Y,N
172735,UNIT,NONE,10,NMFS winter BTS,WINTER,2004,7,0.1897,Y,N
172735,UNIT,NONE,10,NMFS winter BTS,WINTER,2004,8,0.1561,Y,N
172735,UNIT,NONE,10,NMFS winter BTS,WINTER,2004,9,0.0177,Y,N
172735,UNIT,NONE,10,NMFS winter BTS,WINTER,2004,10,0.0258,Y,N
172735,UNIT,NONE,10,NMFS winter BTS,WINTER,2004,11,0.0133,Y,N
172735,UNIT,NONE,10,NMFS winter BTS,WINTER,2005,1,2.9592,Y,N
172735,UNIT,NONE,10,NMFS winter BTS,WINTER,2005,2,4.031,Y,N
172735,UNIT,NONE,10,NMFS winter BTS,WINTER,2005,3,3.067,Y,N
172735,UNIT,NONE,10,NMFS winter BTS,WINTER,2005,4,1.3426,Y,N
172735,UNIT,NONE,10,NMFS winter BTS,WINTER,2005,5,0.6995,Y,N
172735,UNIT,NONE,10,NMFS winter BTS,WINTER,2005,6,0.3312,Y,N
172735,UNIT,NONE,10,NMFS winter BTS,WINTER,2005,7,0.1655,Y,N
172735,UNIT,NONE,10,NMFS winter BTS,WINTER,2005,8,0.1272,Y,N
172735,UNIT,NONE,10,NMFS winter BTS,WINTER,2005,9,0.1235,Y,N
172735,UNIT,NONE,10,NMFS winter BTS,WINTER,2005,10,0.03,Y,N
172735,UNIT,NONE,10,NMFS winter BTS,WINTER,2005,12,0.0083,Y,N
172735,UNIT,NONE,10,NMFS winter BTS,WINTER,2005,14,0.0071,Y,N
172735,UNIT,NONE,10,NMFS winter BTS,WINTER,2006,1,2.6428,Y,N
172735,UNIT,NONE,10,NMFS winter BTS,WINTER,2006,2,9.059,Y,N
172735,UNIT,NONE,10,NMFS winter BTS,WINTER,2006,3,4.2939,Y,N
172735,UNIT,NONE,10,NMFS winter BTS,WINTER,2006,4,2.4657,Y,N
172735,UNIT,NONE,10,NMFS winter BTS,WINTER,2006,5,1.3165,Y,N
172735,UNIT,NONE,10,NMFS winter BTS,WINTER,2006,6,0.5572,Y,N
172735,UNIT,NONE,10,NMFS winter BTS,WINTER,2006,7,0.2392,Y,N
172735,UNIT,NONE,10,NMFS winter BTS,WINTER,2006,8,0.217,Y,N
172735,UNIT,NONE,10,NMFS winter BTS,WINTER,2006,9,0.1415,Y,N
172735,UNIT,NONE,10,NMFS winter BTS,WINTER,2006,10,0.0665,Y,N
172735,UNIT,NONE,10,NMFS winter BTS,WINTER,2006,11,0.0057,Y,N
172735,UNIT,NONE,10,NMFS winter BTS,WINTER,2006,12,0.031,Y,N
172735,UNIT,NONE,10,NMFS winter BTS,WINTER,2006,13,0.0085,Y,N
172735,UNIT,NONE,10,NMFS winter BTS,WINTER,2007,1,2.7702,Y,N
172735,UNIT,NONE,10,NMFS winter BTS,WINTER,2007,2,6.1778,Y,N
172735,UNIT,NONE,10,NMFS winter BTS,WINTER,2007,3,5.1477,Y,N
172735,UNIT,NONE,10,NMFS winter BTS,WINTER,2007,4,1.5442,Y,N
172735,UNIT,NONE,10,NMFS winter BTS,WINTER,2007,5,0.584,Y,N
172735,UNIT,NONE,10,NMFS winter BTS,WINTER,2007,6,0.3057,Y,N
172735,UNIT,NONE,10,NMFS winter BTS,WINTER,2007,7,0.155,Y,N
172735,UNIT,NONE,10,NMFS winter BTS,WINTER,2007,8,0.0506,Y,N
172735,UNIT,NONE,10,NMFS winter BTS,WINTER,2007,9,0.079,Y,N
172735,UNIT,NONE,10,NMFS winter BTS,WINTER,2007,10,0.009,Y,N
172735,UNIT,NONE,10,NMFS winter BTS,WINTER,2007,11,0.0095,Y,N
172735,UNIT,NONE,11,MADMF fall BTS,FALL,1982,1,0.2205,N,Y
172735,UNIT,NONE,11,MADMF fall BTS,FALL,1982,2,1.6254,N,Y
172735,UNIT,NONE,11,MADMF fall BTS,FALL,1982,3,0.02,N,Y
172735,UNIT,NONE,11,MADMF fall BTS,FALL,1983,1,0.0199,N,Y
172735,UNIT,NONE,11,MADMF fall BTS,FALL,1983,2,0.6251,N,Y
172735,UNIT,NONE,11,MADMF fall BTS,FALL,1983,3,0.1541,N,Y
172735,UNIT,NONE,11,MADMF fall BTS,FALL,1983,4,0.0055,N,Y
172735,UNIT,NONE,11,MADMF fall BTS,FALL,1984,0,0.0327,N,Y
172735,UNIT,NONE,11,MADMF fall BTS,FALL,1984,1,0.4849,N,Y
172735,UNIT,NONE,11,MADMF fall BTS,FALL,1984,2,0.2669,N,Y
172735,UNIT,NONE,11,MADMF fall BTS,FALL,1984,3,0.1266,N,Y
172735,UNIT,NONE,11,MADMF fall BTS,FALL,1985,0,0.0448,N,N
172735,UNIT,NONE,11,MADMF fall BTS,FALL,1985,1,0.1169,N,N
172735,UNIT,NONE,11,MADMF fall BTS,FALL,1985,2,1.8945,N,N
172735,UNIT,NONE,11,MADMF fall BTS,FALL,1985,3,0.0401,N,N
172735,UNIT,NONE,11,MADMF fall BTS,FALL,1986,0,0.1214,N,Y
172735,UNIT,NONE,11,MADMF fall BTS,FALL,1986,1,2.3159,N,Y
172735,UNIT,NONE,11,MADMF fall BTS,FALL,1986,2,0.6793,N,Y
172735,UNIT,NONE,11,MADMF fall BTS,FALL,1986,3,0.2081,N,Y
172735,UNIT,NONE,11,MADMF fall BTS,FALL,1987,1,0.8014,N,N
172735,UNIT,NONE,11,MADMF fall BTS,FALL,1987,2,0.5918,N,N
172735,UNIT,NONE,11,MADMF fall BTS,FALL,1987,3,0.0111,N,N
172735,UNIT,NONE,11,MADMF fall BTS,FALL,1987,4,0.0056,N,N
172735,UNIT,NONE,11,MADMF fall BTS,FALL,1988,1,0.4736,N,N
172735,UNIT,NONE,11,MADMF fall BTS,FALL,1988,2,0.4286,N,N
172735,UNIT,NONE,11,MADMF fall BTS,FALL,1988,3,0.0056,N,N
172735,UNIT,NONE,11,MADMF fall BTS,FALL,1989,2,0.3168,Y,N
172735,UNIT,NONE,11,MADMF fall BTS,FALL,1989,3,0.0158,Y,N
172735,UNIT,NONE,11,MADMF fall BTS,FALL,1989,6,0.0121,Y,N
172735,UNIT,NONE,11,MADMF fall BTS,FALL,1990,1,0.1006,N,Y
172735,UNIT,NONE,11,MADMF fall BTS,FALL,1990,3,0.0113,N,Y
172735,UNIT,NONE,11,MADMF fall BTS,FALL,1991,0,0.024,Y,N
172735,UNIT,NONE,11,MADMF fall BTS,FALL,1991,1,0.5307,Y,N
172735,UNIT,NONE,11,MADMF fall BTS,FALL,1991,2,0.2879,Y,N
172735,UNIT,NONE,11,MADMF fall BTS,FALL,1991,3,0.0056,Y,N
172735,UNIT,NONE,11,MADMF fall BTS,FALL,1992,1,1.1811,Y,Y
172735,UNIT,NONE,11,MADMF fall BTS,FALL,1992,2,0.1861,Y,Y
172735,UNIT,NONE,11,MADMF fall BTS,FALL,1993,0,0.0085,Y,Y
172735,UNIT,NONE,11,MADMF fall BTS,FALL,1993,1,0.3342,Y,Y
172735,UNIT,NONE,11,MADMF fall BTS,FALL,1993,2,0.4784,Y,Y
172735,UNIT,NONE,11,MADMF fall BTS,FALL,1993,3,0.0295,Y,Y
172735,UNIT,NONE,11,MADMF fall BTS,FALL,1993,4,0.0236,Y,Y
172735,UNIT,NONE,11,MADMF fall BTS,FALL,1994,0,0.0522,Y,Y
172735,UNIT,NONE,11,MADMF fall BTS,FALL,1994,1,2.2344,Y,Y
172735,UNIT,NONE,11,MADMF fall BTS,FALL,1994,2,0.0762,Y,Y
172735,UNIT,NONE,11,MADMF fall BTS,FALL,1995,0,0.0109,Y,Y
172735,UNIT,NONE,11,MADMF fall BTS,FALL,1995,1,0.3425,Y,Y
172735,UNIT,NONE,11,MADMF fall BTS,FALL,1995,2,0.5065,Y,Y
172735,UNIT,NONE,11,MADMF fall BTS,FALL,1996,1,0.7387,N,Y
172735,UNIT,NONE,11,MADMF fall BTS,FALL,1996,2,1.2824,N,Y
172735,UNIT,NONE,11,MADMF fall BTS,FALL,1996,3,0.1139,N,Y
172735,UNIT,NONE,11,MADMF fall BTS,FALL,1996,4,0.0055,N,Y
172735,UNIT,NONE,11,MADMF fall BTS,FALL,1997,1,0.4944,Y,Y
172735,UNIT,NONE,11,MADMF fall BTS,FALL,1997,2,1.5077,Y,Y
172735,UNIT,NONE,11,MADMF fall BTS,FALL,1997,3,0.3509,Y,Y
172735,UNIT,NONE,11,MADMF fall BTS,FALL,1997,4,0.02,Y,Y
172735,UNIT,NONE,11,MADMF fall BTS,FALL,1997,5,0.0355,Y,Y
172735,UNIT,NONE,11,MADMF fall BTS,FALL,1998,1,0.0116,Y,Y
172735,UNIT,NONE,11,MADMF fall BTS,FALL,1998,2,0.5906,Y,Y
172735,UNIT,NONE,11,MADMF fall BTS,FALL,1998,3,0.2623,Y,Y
172735,UNIT,NONE,11,MADMF fall BTS,FALL,1998,4,0.0175,Y,Y
172735,UNIT,NONE,11,MADMF fall BTS,FALL,1998,5,0.0115,Y,Y
172735,UNIT,NONE,11,MADMF fall BTS,FALL,1999,0,0.0609,Y,Y
172735,UNIT,NONE,11,MADMF fall BTS,FALL,1999,1,0.3468,Y,Y
172735,UNIT,NONE,11,MADMF fall BTS,FALL,1999,2,0.9404,Y,Y
172735,UNIT,NONE,11,MADMF fall BTS,FALL,1999,3,0.3789,Y,Y
172735,UNIT,NONE,11,MADMF fall BTS,FALL,1999,4,0.0371,Y,Y
172735,UNIT,NONE,11,MADMF fall BTS,FALL,2000,0,0.0742,N,Y
172735,UNIT,NONE,11,MADMF fall BTS,FALL,2000,1,1.3696,N,Y
172735,UNIT,NONE,11,MADMF fall BTS,FALL,2000,2,2.3028,N,Y
172735,UNIT,NONE,11,MADMF fall BTS,FALL,2000,3,0.4942,N,Y
172735,UNIT,NONE,11,MADMF fall BTS,FALL,2000,4,0.0997,N,Y
172735,UNIT,NONE,11,MADMF fall BTS,FALL,2000,5,0.0791,N,Y
172735,UNIT,NONE,11,MADMF fall BTS,FALL,2000,6,0.0143,N,Y
172735,UNIT,NONE,11,MADMF fall BTS,FALL,2000,7,0.0281,N,Y
172735,UNIT,NONE,11,MADMF fall BTS,FALL,2001,0,0.0109,N,Y
172735,UNIT,NONE,11,MADMF fall BTS,FALL,2001,1,1.2444,N,Y
172735,UNIT,NONE,11,MADMF fall BTS,FALL,2001,2,1.0833,N,Y
172735,UNIT,NONE,11,MADMF fall BTS,FALL,2001,3,0.296,N,Y
172735,UNIT,NONE,11,MADMF fall BTS,FALL,2001,4,0.0274,N,Y
172735,UNIT,NONE,11,MADMF fall BTS,FALL,2001,6,0.0104,N,Y
172735,UNIT,NONE,11,MADMF fall BTS,FALL,2001,7,0.0162,N,Y
172735,UNIT,NONE,11,MADMF fall BTS,FALL,2002,0,0.2268,N,Y
172735,UNIT,NONE,11,MADMF fall BTS,FALL,2002,1,2.6807,N,Y
172735,UNIT,NONE,11,MADMF fall BTS,FALL,2002,2,1.3023,N,Y
172735,UNIT,NONE,11,MADMF fall BTS,FALL,2002,3,0.1781,N,Y
172735,UNIT,NONE,11,MADMF fall BTS,FALL,2002,4,0.0473,N,Y
172735,UNIT,NONE,11,MADMF fall BTS,FALL,2002,5,0.0356,N,Y
172735,UNIT,NONE,11,MADMF fall BTS,FALL,2003,0,0.0782,N,Y
172735,UNIT,NONE,11,MADMF fall BTS,FALL,2003,1,3.0586,N,Y
172735,UNIT,NONE,11,MADMF fall BTS,FALL,2003,2,1.2541,N,Y
172735,UNIT,NONE,11,MADMF fall BTS,FALL,2003,3,0.2557,N,Y
172735,UNIT,NONE,11,MADMF fall BTS,FALL,2003,4,0.0372,N,Y
172735,UNIT,NONE,11,MADMF fall BTS,FALL,2003,5,0.0282,N,Y
172735,UNIT,NONE,11,MADMF fall BTS,FALL,2003,6,0.0055,N,Y
172735,UNIT,NONE,11,MADMF fall BTS,FALL,2003,10,0.0115,N,Y
172735,UNIT,NONE,11,MADMF fall BTS,FALL,2004,0,0.0109,N,Y
172735,UNIT,NONE,11,MADMF fall BTS,FALL,2004,1,0.5888,N,Y
172735,UNIT,NONE,11,MADMF fall BTS,FALL,2004,2,1.4546,N,Y
172735,UNIT,NONE,11,MADMF fall BTS,FALL,2004,3,0.1359,N,Y
172735,UNIT,NONE,11,MADMF fall BTS,FALL,2004,4,0.0109,N,Y
172735,UNIT,NONE,11,MADMF fall BTS,FALL,2005,1,1.5311,N,Y
172735,UNIT,NONE,11,MADMF fall BTS,FALL,2005,2,2.0492,N,Y
172735,UNIT,NONE,11,MADMF fall BTS,FALL,2005,3,1.3496,N,Y
172735,UNIT,NONE,11,MADMF fall BTS,FALL,2005,4,0.4465,N,Y
172735,UNIT,NONE,11,MADMF fall BTS,FALL,2005,5,0.0961,N,Y
172735,UNIT,NONE,11,MADMF fall BTS,FALL,2005,6,0.0153,N,Y
172735,UNIT,NONE,11,MADMF fall BTS,FALL,2005,7,0.0153,N,Y
172735,UNIT,NONE,11,MADMF fall BTS,FALL,2005,9,0.0109,N,Y
172735,UNIT,NONE,11,MADMF fall BTS,FALL,2005,11,0.0055,N,Y
172735,UNIT,NONE,11,MADMF fall BTS,FALL,2006,0,0.3309,N,Y
172735,UNIT,NONE,11,MADMF fall BTS,FALL,2006,1,0.5804,N,Y
172735,UNIT,NONE,11,MADMF fall BTS,FALL,2006,2,3.7454,N,Y
172735,UNIT,NONE,11,MADMF fall BTS,FALL,2006,3,0.5591,N,Y
172735,UNIT,NONE,11,MADMF fall BTS,FALL,2006,4,0.0432,N,Y
172735,UNIT,NONE,11,MADMF fall BTS,FALL,2006,5,0.0227,N,Y
172735,UNIT,NONE,11,MADMF fall BTS,FALL,2006,6,0.0104,N,Y
172735,UNIT,NONE,11,MADMF fall BTS,FALL,2007,0,0.3488,Y,N
172735,UNIT,NONE,11,MADMF fall BTS,FALL,2007,1,0.4913,Y,N
172735,UNIT,NONE,11,MADMF fall BTS,FALL,2007,2,0.3864,Y,N
172735,UNIT,NONE,11,MADMF fall BTS,FALL,2007,3,1.0039,Y,N
172735,UNIT,NONE,11,MADMF fall BTS,FALL,2007,4,0.1655,Y,N
172735,UNIT,NONE,11,MADMF fall BTS,FALL,2007,5,0.0653,Y,N
172735,UNIT,NONE,11,MADMF fall BTS,FALL,2007,6,0.016,Y,N
172735,UNIT,NONE,11,MADMF fall BTS,FALL,2008,0,0.2543,Y,Y
172735,UNIT,NONE,11,MADMF fall BTS,FALL,2008,1,1.3034,Y,Y
172735,UNIT,NONE,11,MADMF fall BTS,FALL,2008,2,1.1999,Y,Y
172735,UNIT,NONE,11,MADMF fall BTS,FALL,2008,3,0.1386,Y,Y
172735,UNIT,NONE,11,MADMF fall BTS,FALL,2008,4,0.2398,Y,Y
172735,UNIT,NONE,11,MADMF fall BTS,FALL,2008,5,0.0453,Y,Y
172735,UNIT,NONE,11,MADMF fall BTS,FALL,2009,0,0.3169,Y,N
172735,UNIT,NONE,11,MADMF fall BTS,FALL,2009,1,0.354,Y,N
172735,UNIT,NONE,11,MADMF fall BTS,FALL,2009,2,0.7761,Y,N
172735,UNIT,NONE,11,MADMF fall BTS,FALL,2009,3,0.549,Y,N
172735,UNIT,NONE,11,MADMF fall BTS,FALL,2009,4,0.1718,Y,N
172735,UNIT,NONE,11,MADMF fall BTS,FALL,2009,5,0.1259,Y,N
172735,UNIT,NONE,11,MADMF fall BTS,FALL,2009,6,0.0496,Y,N
172735,UNIT,NONE,11,MADMF fall BTS,FALL,2009,8,0.0133,Y,N
172735,UNIT,NONE,11,MADMF fall BTS,FALL,2009,9,0.0055,Y,N
172735,UNIT,NONE,11,MADMF fall BTS,FALL,2010,0,0.0659,N,Y
172735,UNIT,NONE,11,MADMF fall BTS,FALL,2010,1,2.1078,N,Y
172735,UNIT,NONE,11,MADMF fall BTS,FALL,2010,2,0.6627,N,Y
172735,UNIT,NONE,11,MADMF fall BTS,FALL,2010,3,0.3804,N,Y
172735,UNIT,NONE,11,MADMF fall BTS,FALL,2010,4,0.1494,N,Y
172735,UNIT,NONE,11,MADMF fall BTS,FALL,2010,5,0.0294,N,Y
172735,UNIT,NONE,11,MADMF fall BTS,FALL,2010,6,0.0314,N,Y
172735,UNIT,NONE,11,MADMF fall BTS,FALL,2011,1,0.359,Y,Y
172735,UNIT,NONE,11,MADMF fall BTS,FALL,2011,2,1.6591,Y,Y
172735,UNIT,NONE,11,MADMF fall BTS,FALL,2011,3,1.9994,Y,Y
172735,UNIT,NONE,11,MADMF fall BTS,FALL,2011,4,0.2351,Y,Y
172735,UNIT,NONE,11,MADMF fall BTS,FALL,2011,5,0.0742,Y,Y
172735,UNIT,NONE,11,MADMF fall BTS,FALL,2011,6,0.0105,Y,Y
172735,UNIT,NONE,11,MADMF fall BTS,FALL,2011,8,0.0262,Y,Y
172735,UNIT,NONE,11,MADMF fall BTS,FALL,2012,0,0.1025,N,Y
172735,UNIT,NONE,11,MADMF fall BTS,FALL,2012,1,0.2029,N,Y
172735,UNIT,NONE,11,MADMF fall BTS,FALL,2012,2,0.5744,N,Y
172735,UNIT,NONE,11,MADMF fall BTS,FALL,2012,3,1.1626,N,Y
172735,UNIT,NONE,11,MADMF fall BTS,FALL,2012,4,0.2306,N,Y
172735,UNIT,NONE,11,MADMF fall BTS,FALL,2012,5,0.0357,N,Y
172735,UNIT,NONE,11,MADMF fall BTS,FALL,2012,8,0.0131,N,Y
172735,UNIT,NONE,11,MADMF fall BTS,FALL,2013,0,0.0349,N,Y
172735,UNIT,NONE,11,MADMF fall BTS,FALL,2013,1,0.136,N,Y
172735,UNIT,NONE,11,MADMF fall BTS,FALL,2013,2,0.2537,N,Y
172735,UNIT,NONE,11,MADMF fall BTS,FALL,2013,3,0.5862,N,Y
172735,UNIT,NONE,11,MADMF fall BTS,FALL,2013,4,0.1483,N,Y
172735,UNIT,NONE,11,MADMF fall BTS,FALL,2014,0,0.1636,Y,Y
172735,UNIT,NONE,11,MADMF fall BTS,FALL,2014,1,0.4466,Y,Y
172735,UNIT,NONE,11,MADMF fall BTS,FALL,2014,2,0.9896,Y,Y
172735,UNIT,NONE,11,MADMF fall BTS,FALL,2014,3,0.6718,Y,Y
172735,UNIT,NONE,11,MADMF fall BTS,FALL,2014,4,0.2573,Y,Y
172735,UNIT,NONE,11,MADMF fall BTS,FALL,2014,5,0.0413,Y,Y
172735,UNIT,NONE,11,MADMF fall BTS,FALL,2014,6,0.0233,Y,Y
172735,UNIT,NONE,11,MADMF fall BTS,FALL,2015,1,1.6101,Y,Y
172735,UNIT,NONE,11,MADMF fall BTS,FALL,2015,2,1.8117,Y,Y
172735,UNIT,NONE,11,MADMF fall BTS,FALL,2015,3,1.374,Y,Y
172735,UNIT,NONE,11,MADMF fall BTS,FALL,2015,4,0.6209,Y,Y
172735,UNIT,NONE,11,MADMF fall BTS,FALL,2015,5,0.223,Y,Y
172735,UNIT,NONE,11,MADMF fall BTS,FALL,2015,6,0.0131,Y,Y
172735,UNIT,NONE,11,MADMF fall BTS,FALL,2016,0,0.3607,Y,Y
172735,UNIT,NONE,11,MADMF fall BTS,FALL,2016,1,0.911,Y,Y
172735,UNIT,NONE,11,MADMF fall BTS,FALL,2016,2,4.0358,Y,Y
172735,UNIT,NONE,11,MADMF fall BTS,FALL,2016,3,0.8617,Y,Y
172735,UNIT,NONE,11,MADMF fall BTS,FALL,2016,4,0.0665,Y,Y
172735,UNIT,NONE,11,MADMF fall BTS,FALL,2016,5,0.0121,Y,Y
172735,UNIT,NONE,11,MADMF fall BTS,FALL,2016,6,0.0094,Y,Y
172735,UNIT,NONE,11,MADMF fall BTS,FALL,2016,7,0.0422,Y,Y
172735,UNIT,NONE,11,MADMF fall BTS,FALL,2017,0,0.2428,N,Y
172735,UNIT,NONE,11,MADMF fall BTS,FALL,2017,1,1.5124,N,Y
172735,UNIT,NONE,11,MADMF fall BTS,FALL,2017,2,1.2732,N,Y
172735,UNIT,NONE,11,MADMF fall BTS,FALL,2017,3,0.6434,N,Y
172735,UNIT,NONE,11,MADMF fall BTS,FALL,2017,4,0.0752,N,Y
172735,UNIT,NONE,11,MADMF spring BTS,SPRING,1982,1,0.3495,N,Y
172735,UNIT,NONE,11,MADMF spring BTS,SPRING,1982,2,1.5837,N,Y
172735,UNIT,NONE,11,MADMF spring BTS,SPRING,1982,3,0.1149,N,Y
172735,UNIT,NONE,11,MADMF spring BTS,SPRING,1982,4,0.0423,N,Y
172735,UNIT,NONE,11,MADMF spring BTS,SPRING,1982,5,0.0219,N,Y
172735,UNIT,NONE,11,MADMF spring BTS,SPRING,1982,8,0.0104,N,Y
172735,UNIT,NONE,11,MADMF spring BTS,SPRING,1983,1,0.051,N,Y
172735,UNIT,NONE,11,MADMF spring BTS,SPRING,1983,2,0.5993,N,Y
172735,UNIT,NONE,11,MADMF spring BTS,SPRING,1983,3,0.4502,N,Y
172735,UNIT,NONE,11,MADMF spring BTS,SPRING,1983,4,0.0237,N,Y
172735,UNIT,NONE,11,MADMF spring BTS,SPRING,1983,5,0.0094,N,Y
172735,UNIT,NONE,11,MADMF spring BTS,SPRING,1983,6,0.0219,N,Y
172735,UNIT,NONE,11,MADMF spring BTS,SPRING,1984,1,0.0442,N,Y
172735,UNIT,NONE,11,MADMF spring BTS,SPRING,1984,2,0.0663,N,Y
172735,UNIT,NONE,11,MADMF spring BTS,SPRING,1984,3,0.0666,N,Y
172735,UNIT,NONE,11,MADMF spring BTS,SPRING,1984,4,0.1156,N,Y
172735,UNIT,NONE,11,MADMF spring BTS,SPRING,1985,1,0.1426,N,Y
172735,UNIT,NONE,11,MADMF spring BTS,SPRING,1985,2,1.2598,N,Y
172735,UNIT,NONE,11,MADMF spring BTS,SPRING,1985,3,0.012,N,Y
172735,UNIT,NONE,11,MADMF spring BTS,SPRING,1985,4,0.0229,N,Y
172735,UNIT,NONE,11,MADMF spring BTS,SPRING,1986,1,0.9743,N,Y
172735,UNIT,NONE,11,MADMF spring BTS,SPRING,1986,2,0.4318,N,Y
172735,UNIT,NONE,11,MADMF spring BTS,SPRING,1986,3,0.0883,N,Y
172735,UNIT,NONE,11,MADMF spring BTS,SPRING,1986,4,0.0083,N,Y
172735,UNIT,NONE,11,MADMF spring BTS,SPRING,1987,1,0.6205,N,Y
172735,UNIT,NONE,11,MADMF spring BTS,SPRING,1987,2,0.6269,N,Y
172735,UNIT,NONE,11,MADMF spring BTS,SPRING,1987,6,0.0109,N,Y
172735,UNIT,NONE,11,MADMF spring BTS,SPRING,1988,1,0.174,N,Y
172735,UNIT,NONE,11,MADMF spring BTS,SPRING,1988,2,1.0051,N,Y
172735,UNIT,NONE,11,MADMF spring BTS,SPRING,1988,3,0.0846,N,Y
172735,UNIT,NONE,11,MADMF spring BTS,SPRING,1988,4,0.0131,N,Y
172735,UNIT,NONE,11,MADMF spring BTS,SPRING,1989,2,0.3425,N,Y
172735,UNIT,NONE,11,MADMF spring BTS,SPRING,1989,3,0.0562,N,Y
172735,UNIT,NONE,11,MADMF spring BTS,SPRING,1989,6,0.0115,N,Y
172735,UNIT,NONE,11,MADMF spring BTS,SPRING,1990,1,0.2569,Y,Y
172735,UNIT,NONE,11,MADMF spring BTS,SPRING,1990,2,0.0211,Y,Y
172735,UNIT,NONE,11,MADMF spring BTS,SPRING,1990,3,0.0809,Y,Y
172735,UNIT,NONE,11,MADMF spring BTS,SPRING,1990,4,0.0131,Y,Y
172735,UNIT,NONE,11,MADMF spring BTS,SPRING,1991,1,0.032,Y,Y
172735,UNIT,NONE,11,MADMF spring BTS,SPRING,1991,2,0.0496,Y,Y
172735,UNIT,NONE,11,MADMF spring BTS,SPRING,1991,3,0.0115,Y,Y
172735,UNIT,NONE,11,MADMF spring BTS,SPRING,1992,1,0.28,Y,Y
172735,UNIT,NONE,11,MADMF spring BTS,SPRING,1992,2,0.3425,Y,Y
172735,UNIT,NONE,11,MADMF spring BTS,SPRING,1992,3,0.0896,Y,Y
172735,UNIT,NONE,11,MADMF spring BTS,SPRING,1992,5,0.012,Y,Y
172735,UNIT,NONE,11,MADMF spring BTS,SPRING,1992,6,0.0115,Y,Y
172735,UNIT,NONE,11,MADMF spring BTS,SPRING,1993,1,0.1265,N,Y
172735,UNIT,NONE,11,MADMF spring BTS,SPRING,1993,2,0.4925,N,Y
172735,UNIT,NONE,11,MADMF spring BTS,SPRING,1993,3,0.0646,N,Y
172735,UNIT,NONE,11,MADMF spring BTS,SPRING,1993,4,0.0104,N,Y
172735,UNIT,NONE,11,MADMF spring BTS,SPRING,1994,1,1.86,Y,Y
172735,UNIT,NONE,11,MADMF spring BTS,SPRING,1994,2,1.2174,Y,Y
172735,UNIT,NONE,11,MADMF spring BTS,SPRING,1994,3,0.0476,Y,Y
172735,UNIT,NONE,11,MADMF spring BTS,SPRING,1994,4,0.0229,Y,Y
172735,UNIT,NONE,11,MADMF spring BTS,SPRING,1994,6,0.0109,Y,Y
172735,UNIT,NONE,11,MADMF spring BTS,SPRING,1995,1,0.0932,N,Y
172735,UNIT,NONE,11,MADMF spring BTS,SPRING,1995,2,1.2917,N,Y
172735,UNIT,NONE,11,MADMF spring BTS,SPRING,1995,3,0.0534,N,Y
172735,UNIT,NONE,11,MADMF spring BTS,SPRING,1996,1,0.0756,Y,Y
172735,UNIT,NONE,11,MADMF spring BTS,SPRING,1996,2,0.6861,Y,Y
172735,UNIT,NONE,11,MADMF spring BTS,SPRING,1996,3,0.1137,Y,Y
172735,UNIT,NONE,11,MADMF spring BTS,SPRING,1996,4,0.012,Y,Y
172735,UNIT,NONE,11,MADMF spring BTS,SPRING,1997,1,0.5444,N,Y
172735,UNIT,NONE,11,MADMF spring BTS,SPRING,1997,2,1.2787,N,Y
172735,UNIT,NONE,11,MADMF spring BTS,SPRING,1997,3,0.1806,N,Y
172735,UNIT,NONE,11,MADMF spring BTS,SPRING,1997,4,0.111,N,Y
172735,UNIT,NONE,11,MADMF spring BTS,SPRING,1997,6,0.0057,N,Y
172735,UNIT,NONE,11,MADMF spring BTS,SPRING,1998,1,0.109,N,Y
172735,UNIT,NONE,11,MADMF spring BTS,SPRING,1998,2,1.2122,N,Y
172735,UNIT,NONE,11,MADMF spring BTS,SPRING,1998,3,0.6532,N,Y
172735,UNIT,NONE,11,MADMF spring BTS,SPRING,1998,4,0.0431,N,Y
172735,UNIT,NONE,11,MADMF spring BTS,SPRING,1998,5,0.049,N,Y
172735,UNIT,NONE,11,MADMF spring BTS,SPRING,1999,1,0.0779,Y,Y
172735,UNIT,NONE,11,MADMF spring BTS,SPRING,1999,2,0.8784,Y,Y
172735,UNIT,NONE,11,MADMF spring BTS,SPRING,1999,3,1.1116,Y,Y
172735,UNIT,NONE,11,MADMF spring BTS,SPRING,1999,4,0.3021,Y,Y
172735,UNIT,NONE,11,MADMF spring BTS,SPRING,1999,5,0.0294,Y,Y
172735,UNIT,NONE,11,MADMF spring BTS,SPRING,1999,7,0.016,Y,Y
172735,UNIT,NONE,11,MADMF spring BTS,SPRING,2000,1,0.2367,N,Y
172735,UNIT,NONE,11,MADMF spring BTS,SPRING,2000,2,1.6586,N,Y
172735,UNIT,NONE,11,MADMF spring BTS,SPRING,2000,3,1.2055,N,Y
172735,UNIT,NONE,11,MADMF spring BTS,SPRING,2000,4,0.2931,N,Y
172735,UNIT,NONE,11,MADMF spring BTS,SPRING,2000,5,0.22,N,Y
172735,UNIT,NONE,11,MADMF spring BTS,SPRING,2000,6,0.0542,N,Y
172735,UNIT,NONE,11,MADMF spring BTS,SPRING,2001,1,0.1858,Y,Y
172735,UNIT,NONE,11,MADMF spring BTS,SPRING,2001,2,1.0261,Y,Y
172735,UNIT,NONE,11,MADMF spring BTS,SPRING,2001,3,0.7294,Y,Y
172735,UNIT,NONE,11,MADMF spring BTS,SPRING,2001,4,0.2295,Y,Y
172735,UNIT,NONE,11,MADMF spring BTS,SPRING,2001,5,0.0571,Y,Y
172735,UNIT,NONE,11,MADMF spring BTS,SPRING,2002,1,0.151,N,Y
172735,UNIT,NONE,11,MADMF spring BTS,SPRING,2002,2,1.5107,N,Y
172735,UNIT,NONE,11,MADMF spring BTS,SPRING,2002,3,0.3855,N,Y
172735,UNIT,NONE,11,MADMF spring BTS,SPRING,2002,4,0.1018,N,Y
172735,UNIT,NONE,11,MADMF spring BTS,SPRING,2002,5,0.066,N,Y
172735,UNIT,NONE,11,MADMF spring BTS,SPRING,2002,6,0.026,N,Y
172735,UNIT,NONE,11,MADMF spring BTS,SPRING,2002,7,0.014,N,Y
172735,UNIT,NONE,11,MADMF spring BTS,SPRING,2002,8,0.02,N,Y
172735,UNIT,NONE,11,MADMF spring BTS,SPRING,2003,1,0.1943,N,Y
172735,UNIT,NONE,11,MADMF spring BTS,SPRING,2003,2,1.4402,N,Y
172735,UNIT,NONE,11,MADMF spring BTS,SPRING,2003,3,0.624,N,Y
172735,UNIT,NONE,11,MADMF spring BTS,SPRING,2003,4,0.1852,N,Y
172735,UNIT,NONE,11,MADMF spring BTS,SPRING,2003,5,0.1183,N,Y
172735,UNIT,NONE,11,MADMF spring BTS,SPRING,2003,6,0.0115,N,Y
172735,UNIT,NONE,11,MADMF spring BTS,SPRING,2003,7,0.0235,N,Y
172735,UNIT,NONE,11,MADMF spring BTS,SPRING,2004,1,0.0268,Y,Y
172735,UNIT,NONE,11,MADMF spring BTS,SPRING,2004,2,0.2832,Y,Y
172735,UNIT,NONE,11,MADMF spring BTS,SPRING,2004,3,0.3229,Y,Y
172735,UNIT,NONE,11,MADMF spring BTS,SPRING,2004,4,0.0606,Y,Y
172735,UNIT,NONE,11,MADMF spring BTS,SPRING,2004,5,0.0614,Y,Y
172735,UNIT,NONE,11,MADMF spring BTS,SPRING,2004,6,0.0262,Y,Y
172735,UNIT,NONE,11,MADMF spring BTS,SPRING,2004,7,0.0229,Y,Y
172735,UNIT,NONE,11,MADMF spring BTS,SPRING,2004,8,0.0104,Y,Y
172735,UNIT,NONE,11,MADMF spring BTS,SPRING,2004,10,0.012,Y,Y
172735,UNIT,NONE,11,MADMF spring BTS,SPRING,2005,1,0.1136,N,Y
172735,UNIT,NONE,11,MADMF spring BTS,SPRING,2005,2,0.3511,N,Y
172735,UNIT,NONE,11,MADMF spring BTS,SPRING,2005,3,0.9686,N,Y
172735,UNIT,NONE,11,MADMF spring BTS,SPRING,2005,4,0.3152,N,Y
172735,UNIT,NONE,11,MADMF spring BTS,SPRING,2005,5,0.1326,N,Y
172735,UNIT,NONE,11,MADMF spring BTS,SPRING,2005,6,0.0738,N,Y
172735,UNIT,NONE,11,MADMF spring BTS,SPRING,2005,7,0.0532,N,Y
172735,UNIT,NONE,11,MADMF spring BTS,SPRING,2005,8,0.1062,N,Y
172735,UNIT,NONE,11,MADMF spring BTS,SPRING,2005,10,0.0153,N,Y
172735,UNIT,NONE,11,MADMF spring BTS,SPRING,2006,1,0.0492,Y,Y
172735,UNIT,NONE,11,MADMF spring BTS,SPRING,2006,2,2.4397,Y,Y
172735,UNIT,NONE,11,MADMF spring BTS,SPRING,2006,3,0.9752,Y,Y
172735,UNIT,NONE,11,MADMF spring BTS,SPRING,2006,4,0.2284,Y,Y
172735,UNIT,NONE,11,MADMF spring BTS,SPRING,2006,5,0.0702,Y,Y
172735,UNIT,NONE,11,MADMF spring BTS,SPRING,2006,6,0.0861,Y,Y
172735,UNIT,NONE,11,MADMF spring BTS,SPRING,2006,7,0.0203,Y,Y
172735,UNIT,NONE,11,MADMF spring BTS,SPRING,2006,8,0.0206,Y,Y
172735,UNIT,NONE,11,MADMF spring BTS,SPRING,2006,10,0.0186,Y,Y
172735,UNIT,NONE,11,MADMF spring BTS,SPRING,2007,1,0.2329,N,Y
172735,UNIT,NONE,11,MADMF spring BTS,SPRING,2007,2,0.3923,N,Y
172735,UNIT,NONE,11,MADMF spring BTS,SPRING,2007,3,1.0084,N,Y
172735,UNIT,NONE,11,MADMF spring BTS,SPRING,2007,4,0.1023,N,Y
172735,UNIT,NONE,11,MADMF spring BTS,SPRING,2007,5,0.0801,N,Y
172735,UNIT,NONE,11,MADMF spring BTS,SPRING,2007,6,0.0506,N,Y
172735,UNIT,NONE,11,MADMF spring BTS,SPRING,2007,7,0.0118,N,Y
172735,UNIT,NONE,11,MADMF spring BTS,SPRING,2008,1,0.3264,Y,Y
172735,UNIT,NONE,11,MADMF spring BTS,SPRING,2008,2,0.3628,Y,Y
172735,UNIT,NONE,11,MADMF spring BTS,SPRING,2008,3,0.1615,Y,Y
172735,UNIT,NONE,11,MADMF spring BTS,SPRING,2008,4,0.3008,Y,Y
172735,UNIT,NONE,11,MADMF spring BTS,SPRING,2008,5,0.0601,Y,Y
172735,UNIT,NONE,11,MADMF spring BTS,SPRING,2008,6,0.0162,Y,Y
172735,UNIT,NONE,11,MADMF spring BTS,SPRING,2008,7,0.0659,Y,Y
172735,UNIT,NONE,11,MADMF spring BTS,SPRING,2008,8,0.0178,Y,Y
172735,UNIT,NONE,11,MADMF spring BTS,SPRING,2009,1,0.2502,Y,Y
172735,UNIT,NONE,11,MADMF spring BTS,SPRING,2009,2,0.7754,Y,Y
172735,UNIT,NONE,11,MADMF spring BTS,SPRING,2009,3,0.5768,Y,Y
172735,UNIT,NONE,11,MADMF spring BTS,SPRING,2009,4,0.136,Y,Y
172735,UNIT,NONE,11,MADMF spring BTS,SPRING,2009,5,0.1672,Y,Y
172735,UNIT,NONE,11,MADMF spring BTS,SPRING,2009,6,0.0345,Y,Y
172735,UNIT,NONE,11,MADMF spring BTS,SPRING,2009,7,0.0397,Y,Y
172735,UNIT,NONE,11,MADMF spring BTS,SPRING,2009,8,0.0227,Y,Y
172735,UNIT,NONE,11,MADMF spring BTS,SPRING,2009,9,0.0131,Y,Y
172735,UNIT,NONE,11,MADMF spring BTS,SPRING,2010,1,0.9194,Y,Y
172735,UNIT,NONE,11,MADMF spring BTS,SPRING,2010,2,0.5978,Y,Y
172735,UNIT,NONE,11,MADMF spring BTS,SPRING,2010,3,0.5962,Y,Y
172735,UNIT,NONE,11,MADMF spring BTS,SPRING,2010,4,0.3899,Y,Y
172735,UNIT,NONE,11,MADMF spring BTS,SPRING,2010,5,0.0426,Y,Y
172735,UNIT,NONE,11,MADMF spring BTS,SPRING,2010,6,0.0611,Y,Y
172735,UNIT,NONE,11,MADMF spring BTS,SPRING,2010,8,0.011,Y,Y
172735,UNIT,NONE,11,MADMF spring BTS,SPRING,2011,1,0.1398,Y,Y
172735,UNIT,NONE,11,MADMF spring BTS,SPRING,2011,2,0.8938,Y,Y
172735,UNIT,NONE,11,MADMF spring BTS,SPRING,2011,3,0.7034,Y,Y
172735,UNIT,NONE,11,MADMF spring BTS,SPRING,2011,4,0.1381,Y,Y
172735,UNIT,NONE,11,MADMF spring BTS,SPRING,2011,5,0.1112,Y,Y
172735,UNIT,NONE,11,MADMF spring BTS,SPRING,2011,6,0.0055,Y,Y
172735,UNIT,NONE,11,MADMF spring BTS,SPRING,2012,1,0.092,N,Y
172735,UNIT,NONE,11,MADMF spring BTS,SPRING,2012,2,0.3325,N,Y
172735,UNIT,NONE,11,MADMF spring BTS,SPRING,2012,3,0.9159,N,Y
172735,UNIT,NONE,11,MADMF spring BTS,SPRING,2012,4,0.294,N,Y
172735,UNIT,NONE,11,MADMF spring BTS,SPRING,2012,5,0.0833,N,Y
172735,UNIT,NONE,11,MADMF spring BTS,SPRING,2012,6,0.0526,N,Y
172735,UNIT,NONE,11,MADMF spring BTS,SPRING,2012,7,0.0114,N,Y
172735,UNIT,NONE,11,MADMF spring BTS,SPRING,2012,8,0.0169,N,Y
172735,UNIT,NONE,11,MADMF spring BTS,SPRING,2012,10,0.0114,N,Y
172735,UNIT,NONE,11,MADMF spring BTS,SPRING,2013,1,0.1739,N,Y
172735,UNIT,NONE,11,MADMF spring BTS,SPRING,2013,2,0.3202,N,Y
172735,UNIT,NONE,11,MADMF spring BTS,SPRING,2013,3,0.4628,N,Y
172735,UNIT,NONE,11,MADMF spring BTS,SPRING,2013,4,0.3949,N,Y
172735,UNIT,NONE,11,MADMF spring BTS,SPRING,2013,5,0.058,N,Y
172735,UNIT,NONE,11,MADMF spring BTS,SPRING,2013,6,0.0192,N,Y
172735,UNIT,NONE,11,MADMF spring BTS,SPRING,2013,7,0.0227,N,Y
172735,UNIT,NONE,11,MADMF spring BTS,SPRING,2013,8,0.0096,N,Y
172735,UNIT,NONE,11,MADMF spring BTS,SPRING,2013,10,0.0055,N,Y
172735,UNIT,NONE,11,MADMF spring BTS,SPRING,2014,1,0.083,N,Y
172735,UNIT,NONE,11,MADMF spring BTS,SPRING,2014,2,0.2518,N,Y
172735,UNIT,NONE,11,MADMF spring BTS,SPRING,2014,3,0.3937,N,Y
172735,UNIT,NONE,11,MADMF spring BTS,SPRING,2014,4,0.3108,N,Y
172735,UNIT,NONE,11,MADMF spring BTS,SPRING,2014,5,0.0953,N,Y
172735,UNIT,NONE,11,MADMF spring BTS,SPRING,2014,6,0.0131,N,Y
172735,UNIT,NONE,11,MADMF spring BTS,SPRING,2014,11,0.0131,N,Y
172735,UNIT,NONE,11,MADMF spring BTS,SPRING,2015,1,0.0969,Y,Y
172735,UNIT,NONE,11,MADMF spring BTS,SPRING,2015,2,0.0974,Y,Y
172735,UNIT,NONE,11,MADMF spring BTS,SPRING,2015,3,0.2969,Y,Y
172735,UNIT,NONE,11,MADMF spring BTS,SPRING,2015,4,0.2068,Y,Y
172735,UNIT,NONE,11,MADMF spring BTS,SPRING,2015,5,0.0618,Y,Y
172735,UNIT,NONE,11,MADMF spring BTS,SPRING,2015,6,0.0214,Y,Y
172735,UNIT,NONE,11,MADMF spring BTS,SPRING,2015,7,0.0131,Y,Y
172735,UNIT,NONE,11,MADMF spring BTS,SPRING,2015,8,0.0055,Y,Y
172735,UNIT,NONE,11,MADMF spring BTS,SPRING,2016,1,0.0745,Y,Y
172735,UNIT,NONE,11,MADMF spring BTS,SPRING,2016,2,0.8765,Y,Y
172735,UNIT,NONE,11,MADMF spring BTS,SPRING,2016,3,1.2016,Y,Y
172735,UNIT,NONE,11,MADMF spring BTS,SPRING,2016,4,1.4261,Y,Y
172735,UNIT,NONE,11,MADMF spring BTS,SPRING,2016,5,0.5777,Y,Y
172735,UNIT,NONE,11,MADMF spring BTS,SPRING,2016,6,0.465,Y,Y
172735,UNIT,NONE,11,MADMF spring BTS,SPRING,2016,7,0.0586,Y,Y
172735,UNIT,NONE,11,MADMF spring BTS,SPRING,2016,8,0.0264,Y,Y
172735,UNIT,NONE,11,MADMF spring BTS,SPRING,2016,9,0.0096,Y,Y
172735,UNIT,NONE,11,MADMF spring BTS,SPRING,2016,14,0.0055,Y,Y
172735,UNIT,NONE,11,MADMF spring BTS,SPRING,2017,1,0.4163,N,Y
172735,UNIT,NONE,11,MADMF spring BTS,SPRING,2017,2,1.1938,N,Y
172735,UNIT,NONE,11,MADMF spring BTS,SPRING,2017,3,1.7109,N,Y
172735,UNIT,NONE,11,MADMF spring BTS,SPRING,2017,4,0.21,N,Y
172735,UNIT,NONE,11,MADMF spring BTS,SPRING,2017,5,0.0787,N,Y
172735,UNIT,NONE,11,MADMF spring BTS,SPRING,2017,6,0.0771,N,Y
